Student_ID,Gender,Department,Age,Food_Taste,Hygiene,Pricing,Waiting_Time,Meal_Variety,Staff_Behavior,Overall_Satisfaction,Suggestions
STU1000,Female,BS Ai,18,3,4,2,1,2,4,5,
STU1001,Other,BS Psychology,21,5,1,1,3,1,3,4,
STU1002,Other,BS Data Science,29,4,1,2,1,5,5,5,Train staff to be more polite; Add more healthy options; Reduce plastic usage
STU1003,Male,BS Data Science,29,3,3,2,2,2,4,5,
STU1004,Other,BS Computer Science,19,2,4,3,1,4,3,5,
STU1005,Female,BS Computer Science,18,2,4,3,1,3,5,5,
STU1006,Male,BS English,,1,4,2,4,1,4,6,
STU1007,Female,BS Software Engineering,26,5,4,2,2,5,2,6,
STU1008,Female,BS Ai,26,4,3,5,4,2,4,7,Improve hygiene standards; Train staff to be more polite
STU1009,Other,BS Software Engineering,28,4,5,2,5,5,3,8,Lower prices for students
STU1010,Other,BS Ai,24,1,4,3,3,2,5,6,
STU1011,Other,BS English,27,5,4,1,1,5,5,6,
STU1012,Male,BS Data Science,18,4,3,2,2,1,5,6,Improve hygiene standards; Reduce plastic usage; Reduce waiting time during peak hours
STU1013,Other,BS Data Science,20,2,4,1,3,3,4,5,Create a mobile app for ordering; Reduce plastic usage; Improve cleaning frequency
STU1014,Female,BS English,23,2,4,3,2,4,4,7,Improve cleaning frequency
STU1015,Female,BS Computer Science,21,2,3,5,1,5,4,7,
STU1016,Male,BBA,23,3,2,2,3,5,2,5,
STU1017,Other,BBA,24,3,4,1,4,4,4,6,Add more beverage options
STU1018,Female,BS Psychology,23,3,4,1,3,5,4,7,Offer combo meals; Improve seating arrangement; Lower prices for students
STU1019,Female,BS Computer Science,30,2,3,2,1,2,2,4,Add more variety in menu; Improve wifi connectivity
STU1020,Female,BS English,,4,5,1,3,2,4,6,Improve seating arrangement
STU1021,Female,BS Ai,19,2,3,1,1,2,5,5,
STU1022,Male,BS Computer Science,24,2,4,3,1,3,5,6,
STU1023,Female,BS English,22,3,5,2,4,3,2,6,Improve seating arrangement
STU1024,Female,BS Psychology,27,3,4,2,1,3,2,5,Add vegetarian/vegan options; Add more healthy options
STU1025,Female,BS Ai,23,4,4,4,2,2,3,5,
STU1026,Female,BBA,29,2,3,1,1,4,5,6,Add vegetarian/vegan options; Train staff to be more polite; Add more beverage options
STU1027,Female,BBA,28,3,3,5,4,2,2,6,Improve wifi connectivity
STU1028,Other,BS Ai,22,3,5,2,3,3,4,6,Lower prices for students; Create a mobile app for ordering
STU1029,Male,BS Ai,21,1,4,4,3,3,2,7,
STU1030,Male,BS Software Engineering,24,4,5,3,3,4,4,8,Lower prices for students; Improve wifi connectivity; Offer combo meals
STU1031,Other,BS Software Engineering,28,2,3,4,1,4,3,5,Improve ventilation; Create a mobile app for ordering; Train staff to be more polite
STU1032,Female,BS Software Engineering,20,1,3,5,2,4,4,7,
STU1033,Other,BS Data Science,21,5,1,2,2,2,3,5,Improve cleaning frequency; Reduce waiting time during peak hours; Add more variety in menu
STU1034,Female,BS Computer Science,29,5,4,5,1,3,4,8,
STU1035,Female,BS Psychology,28,4,3,2,2,1,3,5,
STU1036,Female,BBA,28,3,5,2,4,3,4,7,Add entertainment like TV or music; Reduce waiting time during peak hours; Improve wifi connectivity
STU1037,Male,BS Ai,29,1,4,2,1,3,5,5,Improve hygiene standards; Reduce waiting time during peak hours
STU1038,Other,BS Computer Science,25,4,5,3,2,1,2,6,Improve ventilation; Improve food quality
STU1039,Female,BS Data Science,28,3,3,1,1,2,5,4,
STU1040,Other,BS English,21,2,5,3,1,5,4,6,Train staff to be more polite; Improve cleaning frequency
STU1041,Female,BS Psychology,30,3,4,3,4,5,2,8,Lower prices for students; Improve hygiene standards; Improve seating arrangement
STU1042,Male,BS Data Science,21,1,4,3,2,3,4,5,
STU1043,Other,BS Data Science,30,5,5,4,2,1,3,6,Train staff to be more polite; Create a mobile app for ordering
STU1044,Other,BS English,22,2,4,2,3,2,4,5,Extend operating hours
STU1045,Male,BS Data Science,27,4,4,2,1,3,4,5,Improve cleaning frequency; Add more beverage options
STU1046,Male,BS Data Science,23,3,2,2,2,5,2,4,Add more beverage options
STU1047,Male,BS Software Engineering,25,3,1,1,2,2,4,4,Install more payment counters
STU1048,Female,BS Computer Science,28,3,5,1,3,4,5,7,Improve seating arrangement; Add more beverage options
STU1049,Female,BS English,22,2,4,2,5,2,5,7,Add more variety in menu
STU1050,Other,BS English,29,5,4,2,3,5,4,8,
STU1051,Female,BS Computer Science,22,4,4,5,2,3,5,8,Improve hygiene standards
STU1052,Male,BS English,24,5,2,3,4,4,4,8,
STU1053,Other,BS Ai,24,5,2,2,1,3,3,5,
STU1054,Female,BS Computer Science,20,3,4,3,1,4,5,6,
STU1055,Male,BS Computer Science,19,5,4,1,1,2,4,6,
STU1056,Male,BS Psychology,19,1,3,2,2,2,4,5,
STU1057,Female,BS Computer Science,20,2,4,3,2,5,4,7,Lower prices for students; Improve food quality
STU1058,Other,BS English,24,1,2,2,3,5,5,6,
STU1059,Female,BBA,24,3,4,2,4,5,5,8,Add more variety in menu; Improve cleaning frequency
STU1060,Female,BS Psychology,25,3,3,5,2,4,4,7,Improve ventilation; Add more variety in menu
STU1061,Male,BS Ai,26,2,4,4,2,4,3,6,Add more healthy options; Install more payment counters
STU1062,Other,BS Psychology,18,4,3,3,1,1,4,5,
STU1063,Female,BBA,19,3,4,3,1,3,4,5,
STU1064,Other,BS Computer Science,26,2,1,3,3,3,3,4,Improve hygiene standards
STU1065,Other,BS Computer Science,30,3,2,2,2,4,4,6,Extend operating hours; Train staff to be more polite; Create a mobile app for ordering
STU1066,Male,BS Computer Science,19,2,3,2,4,3,4,6,Improve food quality; Improve cleaning frequency; Improve seating arrangement
STU1067,Male,BS Computer Science,20,4,4,1,1,2,3,5,Improve food quality; Improve hygiene standards; Train staff to be more polite
STU1068,Male,BS English,29,1,4,2,1,3,2,4,Train staff to be more polite; Create a mobile app for ordering
STU1069,Female,BS Ai,22,5,3,3,2,4,3,6,Offer student discounts; Train staff to be more polite
STU1070,Female,BBA,30,4,4,2,1,3,5,6,
STU1071,Other,BS Data Science,19,2,5,5,1,2,3,5,
STU1072,Female,BS Software Engineering,22,1,4,4,3,2,3,6,Add entertainment like TV or music; Offer combo meals; Lower prices for students
STU1073,Male,BS Software Engineering,26,4,1,3,1,2,4,4,
STU1074,Female,BS Data Science,20,4,4,3,3,2,3,6,Reduce plastic usage; Install more payment counters
STU1075,Other,BS Software Engineering,20,4,2,4,2,4,1,5,
STU1076,Female,BS Data Science,30,4,3,1,1,4,3,6,
STU1077,Female,BS Ai,18,1,5,3,2,4,4,6,
STU1078,Other,BS Data Science,25,3,2,1,4,3,4,5,Add vegetarian/vegan options; Train staff to be more polite; Offer combo meals
STU1079,Other,BS Computer Science,,2,4,3,2,4,3,6,Install more payment counters; Extend operating hours; Improve seating arrangement
STU1080,Female,BS Software Engineering,30,5,4,2,3,2,4,7,Reduce waiting time during peak hours
STU1081,Male,BS Ai,18,4,4,4,1,3,5,7,Add entertainment like TV or music; Add vegetarian/vegan options; Improve seating arrangement
STU1082,Male,BS Data Science,27,3,4,4,3,4,3,7,Improve cleaning frequency; Install more payment counters; Train staff to be more polite
STU1083,Male,BS Software Engineering,19,1,1,1,1,2,3,2,Add entertainment like TV or music; Reduce waiting time during peak hours
STU1084,Male,BS English,19,3,3,2,3,2,3,5,Extend operating hours; Add vegetarian/vegan options; Improve hygiene standards
STU1085,Female,BS Computer Science,26,3,4,5,3,5,4,8,Improve cleaning frequency; Improve ventilation; Add more beverage options
STU1086,Female,BS Software Engineering,20,4,2,2,4,3,4,7,
STU1087,Other,BS Computer Science,26,4,3,4,2,4,3,7,
STU1088,Other,BS Software Engineering,26,5,1,3,1,1,4,5,Add more variety in menu; Install more payment counters; Lower prices for students
STU1089,Female,BS English,24,3,2,2,1,4,1,4,Train staff to be more polite; Reduce plastic usage; Add more variety in menu
STU1090,Male,BS Ai,26,2,3,2,4,3,4,7,Add more healthy options; Improve hygiene standards
STU1091,Other,BS Computer Science,29,4,2,2,2,1,4,5,
STU1092,Other,BS Ai,22,4,4,3,3,4,3,7,Create a mobile app for ordering; Add vegetarian/vegan options
STU1093,Female,BS Ai,28,3,4,2,1,2,4,5,
STU1094,Female,BS Psychology,25,4,5,3,2,3,3,7,Lower prices for students; Improve cleaning frequency
STU1095,Male,BS Software Engineering,25,3,3,2,1,1,4,4,
STU1096,Female,BS Data Science,21,3,3,3,5,2,2,6,Improve wifi connectivity; Add more healthy options; Improve cleaning frequency
STU1097,Other,BBA,18,3,2,4,3,2,5,6,Lower prices for students; Add entertainment like TV or music; Add more beverage options
STU1098,Other,BS Ai,21,1,4,5,4,1,3,6,
STU1099,Male,BS English,18,2,4,2,2,5,5,7,
STU1100,Male,BS Software Engineering,28,1,1,4,3,1,3,4,Extend operating hours
STU1101,Male,BS English,19,4,5,3,3,3,4,7,
STU1102,Female,BS English,23,3,2,3,2,2,3,5,Improve seating arrangement; Add vegetarian/vegan options
STU1103,Female,BS Data Science,21,3,4,5,4,3,5,9,Add more healthy options
STU1104,Male,BS Data Science,25,5,4,2,4,5,2,7,Add more variety in menu; Add vegetarian/vegan options; Reduce waiting time during peak hours
STU1105,Other,BS Software Engineering,20,2,5,1,4,2,3,6,
STU1106,Other,BS Software Engineering,27,3,4,4,3,5,4,8,
STU1107,Female,BS Computer Science,21,4,5,2,2,2,2,7,Offer combo meals
STU1108,Other,BS Computer Science,30,2,3,4,2,4,3,5,Add more healthy options; Improve seating arrangement
STU1109,Female,BS English,19,1,5,4,5,3,5,8,Create a mobile app for ordering; Add entertainment like TV or music; Improve wifi connectivity
STU1110,Other,BS English,24,2,2,1,1,5,5,5,Improve food quality; Reduce waiting time during peak hours
STU1111,Female,BS English,24,2,5,4,3,3,3,5,Improve ventilation; Improve food quality; Add vegetarian/vegan options
STU1112,Female,BS Data Science,29,5,4,2,3,3,5,7,Extend operating hours; Improve food quality; Offer combo meals
STU1113,Other,BS Ai,28,4,5,3,3,2,4,7,Improve hygiene standards
STU1114,Other,BS English,19,4,4,3,5,2,3,7,Install more payment counters; Improve seating arrangement
STU1115,Female,BS Psychology,29,5,4,4,2,5,4,8,
STU1116,Other,BS Software Engineering,19,4,4,1,2,3,4,8,Add more variety in menu; Add more healthy options
STU1117,Male,BS Software Engineering,21,2,4,2,1,3,5,6,Install more payment counters; Offer student discounts
STU1118,Female,BBA,20,5,2,3,2,4,3,7,Add more beverage options; Add vegetarian/vegan options; Create a mobile app for ordering
STU1119,Other,BS Psychology,22,3,2,3,2,3,4,5,Add vegetarian/vegan options
STU1120,Other,BS Ai,19,4,3,3,2,5,2,6,Improve ventilation; Extend operating hours
STU1121,Other,BS Ai,26,5,3,1,4,4,2,6,
STU1122,Male,BS English,28,3,5,2,4,3,1,6,Improve food quality; Improve hygiene standards
STU1123,Female,BS Data Science,18,2,3,2,1,5,5,7,
STU1124,Male,BBA,30,2,5,4,2,1,5,7,Improve food quality
STU1125,Other,BS Data Science,20,3,3,2,4,2,4,6,Lower prices for students
STU1126,Male,BS Data Science,25,4,3,2,1,3,4,5,
STU1127,Male,BS Computer Science,24,5,4,5,1,2,3,6,Add entertainment like TV or music
STU1128,Female,BS Ai,20,1,4,1,1,4,3,6,Reduce plastic usage; Reduce waiting time during peak hours
STU1129,Female,BS Computer Science,24,3,4,5,3,5,3,8,Lower prices for students
STU1130,Other,BS English,30,3,4,3,1,3,3,6,Reduce waiting time during peak hours
STU1131,Male,BS English,22,2,4,4,5,3,4,8,Offer student discounts; Add entertainment like TV or music
STU1132,Female,BS Ai,29,2,3,2,2,5,4,6,
STU1133,Male,BS English,26,3,5,1,2,3,2,5,
STU1134,Male,BS Computer Science,25,5,5,3,1,3,1,5,Improve food quality
STU1135,Female,BS Psychology,22,3,4,4,2,3,2,6,
STU1136,Female,BS Psychology,18,3,3,3,3,5,4,7,Add more beverage options; Train staff to be more polite; Improve seating arrangement
STU1137,Female,BS Computer Science,26,4,4,1,3,3,5,7,Add more beverage options
STU1138,Other,BS Psychology,23,3,2,3,3,4,4,6,Install more payment counters
STU1139,Female,BBA,27,5,1,3,3,4,5,7,
STU1140,Male,BS Data Science,26,5,3,3,4,3,4,7,
STU1141,Female,BS English,26,2,4,3,4,3,3,6,
STU1142,Female,BS English,20,3,5,4,3,4,2,6,
STU1143,Other,BS English,19,3,4,3,1,3,5,7,
STU1144,Other,BS Psychology,21,2,4,1,1,4,4,5,Improve ventilation
STU1145,Male,BS Psychology,27,1,4,2,1,5,3,4,Add more variety in menu; Reduce waiting time during peak hours
STU1146,Other,BS Computer Science,27,4,3,1,3,4,4,6,Improve cleaning frequency
STU1147,Male,BS Psychology,,3,3,2,2,4,4,6,
STU1148,Other,BS Computer Science,28,1,5,2,2,4,4,6,
STU1149,Male,BS Ai,26,2,1,1,4,4,5,6,Offer combo meals
STU1150,Male,BS Ai,22,5,5,2,4,3,4,8,Add more healthy options
STU1151,Other,BS English,29,2,4,1,4,1,4,5,Lower prices for students
STU1152,Male,BS Software Engineering,22,2,4,4,2,3,2,5,Improve hygiene standards; Offer student discounts; Install more payment counters
STU1153,Other,BS Computer Science,28,3,4,4,3,4,2,7,
STU1154,Female,BS Data Science,25,5,4,1,2,3,3,6,
STU1155,Female,BS Psychology,30,2,5,5,1,4,1,6,Install more payment counters
STU1156,Other,BS Data Science,18,4,5,3,1,3,4,6,
STU1157,Female,BS English,27,4,4,2,2,4,4,7,Lower prices for students; Improve wifi connectivity
STU1158,Female,BS Psychology,19,2,3,1,2,2,2,3,Improve food quality
STU1159,Other,BBA,26,4,4,3,4,4,5,8,Add more variety in menu; Add vegetarian/vegan options; Improve ventilation
STU1160,Other,BS Psychology,23,3,5,3,1,3,3,6,Train staff to be more polite; Add more healthy options; Improve ventilation
STU1161,Other,BS Data Science,21,4,3,3,3,2,3,5,Lower prices for students
STU1162,Female,BBA,20,4,4,1,2,2,3,5,Train staff to be more polite; Add entertainment like TV or music
STU1163,Male,BS Computer Science,26,3,4,1,2,4,3,5,Create a mobile app for ordering; Add more variety in menu
STU1164,Other,BS English,27,1,4,2,2,3,3,5,
STU1165,Other,BS English,30,4,2,2,2,2,4,5,Add more variety in menu
STU1166,Female,BS Data Science,18,3,4,2,3,5,4,8,
STU1167,Male,BS English,26,2,5,2,2,4,5,6,Offer combo meals; Offer student discounts
STU1168,Male,BS Psychology,28,1,3,4,1,5,2,5,
STU1169,Male,BS Computer Science,20,3,3,4,1,3,2,5,
STU1170,Other,BBA,19,4,5,2,2,3,2,6,
STU1171,Female,BS English,20,1,3,4,4,5,4,7,
STU1172,Female,BS Computer Science,27,3,5,2,2,3,2,6,Improve seating arrangement; Improve cleaning frequency; Offer combo meals
STU1173,Female,BS English,23,2,4,2,3,4,5,6,
STU1174,Female,BS Data Science,28,4,3,2,3,2,4,5,Add more healthy options
STU1175,Female,BS Software Engineering,26,2,5,3,4,3,4,6,
STU1176,Male,BBA,18,4,4,5,4,2,4,7,
STU1177,Male,BS Computer Science,24,3,4,3,3,2,3,6,Add more beverage options; Offer combo meals; Improve hygiene standards
STU1178,Male,BS Software Engineering,18,5,3,2,3,1,3,6,Add vegetarian/vegan options; Add more beverage options; Offer combo meals
STU1179,Male,BS English,,2,4,3,4,1,3,5,Lower prices for students; Create a mobile app for ordering; Improve hygiene standards
STU1180,Other,BBA,28,3,3,1,2,5,4,7,Add entertainment like TV or music; Improve seating arrangement; Reduce plastic usage
STU1181,Male,BS English,20,2,3,4,2,2,3,6,Reduce waiting time during peak hours; Improve food quality; Add more variety in menu
STU1182,Male,BS Software Engineering,26,5,5,3,1,4,2,6,Improve cleaning frequency; Add more variety in menu
STU1183,Other,BS Psychology,26,5,3,2,4,4,5,7,
STU1184,Other,BS Software Engineering,,2,4,3,4,3,1,5,Add vegetarian/vegan options
STU1185,Other,BS Psychology,29,4,3,3,1,2,5,6,Add more beverage options
STU1186,Other,BS Computer Science,26,4,4,1,3,4,4,6,
STU1187,Other,BBA,,3,2,3,2,4,3,5,Improve hygiene standards; Add more healthy options
STU1188,Other,BS Psychology,26,3,5,2,1,4,2,5,Offer student discounts; Add more healthy options; Improve cleaning frequency
STU1189,Other,BS Ai,20,2,4,3,5,4,2,6,Improve cleaning frequency
STU1190,Other,BS Ai,,1,3,4,1,5,4,6,Lower prices for students
STU1191,Male,BS Computer Science,30,5,2,4,1,3,4,6,Reduce plastic usage
STU1192,Female,BS Computer Science,18,5,3,3,3,3,4,7,Improve wifi connectivity
STU1193,Female,BS English,21,4,4,3,3,4,5,7,Install more payment counters; Add more beverage options; Reduce plastic usage
STU1194,Male,BS Software Engineering,28,3,3,1,1,1,4,5,
STU1195,Male,BBA,30,3,5,3,3,5,3,7,Improve ventilation; Reduce waiting time during peak hours
STU1196,Male,BS Computer Science,24,4,4,2,2,2,3,5,Add vegetarian/vegan options; Reduce plastic usage
STU1197,Male,BS Computer Science,29,5,3,2,1,3,5,7,Improve cleaning frequency; Improve ventilation; Offer student discounts
STU1198,Female,BS English,21,5,4,2,1,4,3,6,
STU1199,Female,BS English,30,4,4,1,3,3,2,6,Improve food quality
STU1200,Female,BS Ai,24,4,3,3,2,3,4,5,
STU1201,Other,BS Computer Science,,1,3,1,4,3,4,6,Reduce plastic usage; Add more beverage options
STU1202,Female,BS Computer Science,23,2,1,3,4,5,5,7,
STU1203,Male,BS Computer Science,24,5,4,2,5,3,4,7,
STU1204,Female,BBA,29,4,4,1,2,5,2,5,Improve seating arrangement; Create a mobile app for ordering
STU1205,Other,BS Ai,22,1,4,3,5,1,5,7,
STU1206,Other,BS English,29,2,5,1,2,4,3,5,Lower prices for students
STU1207,Female,BS Ai,18,4,5,2,2,4,3,6,Extend operating hours; Offer student discounts
STU1208,Male,BS Ai,21,1,4,3,1,2,4,4,Add vegetarian/vegan options
STU1209,Other,BS Software Engineering,25,2,5,1,1,3,2,4,
STU1210,Female,BS Psychology,30,3,3,4,3,2,4,6,Offer combo meals; Lower prices for students; Offer student discounts
STU1211,Male,BS Software Engineering,21,4,2,1,2,4,2,5,Add more beverage options; Improve seating arrangement; Improve cleaning frequency
STU1212,Other,BBA,,4,3,2,1,3,4,5,
STU1213,Male,BS Computer Science,23,2,2,3,3,4,3,5,Create a mobile app for ordering; Offer combo meals; Improve cleaning frequency
STU1214,Male,BS Computer Science,19,4,4,2,2,2,4,6,Offer combo meals
STU1215,Male,BS Data Science,22,2,5,1,3,2,5,7,
STU1216,Other,BS Computer Science,26,3,1,2,2,1,3,3,Add entertainment like TV or music
STU1217,Male,BS English,26,4,2,2,4,3,3,7,Add vegetarian/vegan options; Add more beverage options; Add entertainment like TV or music
STU1218,Other,BS Software Engineering,18,4,4,4,4,3,3,7,Improve hygiene standards; Train staff to be more polite; Add entertainment like TV or music
STU1219,Male,BS Software Engineering,22,4,5,2,2,5,3,8,Offer student discounts; Improve seating arrangement
STU1220,Female,BS Software Engineering,22,4,3,3,2,4,4,7,
STU1221,Male,BS Software Engineering,,3,4,4,2,3,4,5,Add more beverage options; Install more payment counters; Reduce plastic usage
STU1222,Male,BS Psychology,23,1,1,2,4,5,3,5,Reduce plastic usage; Extend operating hours; Offer combo meals
STU1223,Male,BS English,23,3,2,4,2,4,3,7,
STU1224,Male,BS Data Science,26,2,5,2,1,5,2,5,Improve ventilation; Improve seating arrangement; Add more variety in menu
STU1225,Female,BS Ai,27,2,5,5,1,3,4,6,Add vegetarian/vegan options; Lower prices for students; Improve ventilation
STU1226,Other,BS English,18,5,1,1,2,2,2,4,Offer combo meals; Create a mobile app for ordering; Reduce plastic usage
STU1227,Male,BS English,18,3,5,3,2,1,5,5,
STU1228,Male,BBA,30,5,4,2,4,4,4,9,Add more beverage options
STU1229,Male,BS Software Engineering,29,4,5,2,1,2,3,5,
STU1230,Female,BS Software Engineering,29,4,4,3,2,3,4,7,
STU1231,Female,BS Psychology,23,3,4,3,4,3,5,7,
STU1232,Male,BS Data Science,28,3,4,1,4,3,4,7,
STU1233,Male,BS Data Science,27,3,4,1,2,4,3,6,
STU1234,Male,BBA,19,2,2,3,2,2,3,5,Train staff to be more polite; Improve seating arrangement
STU1235,Male,BBA,22,4,1,3,2,3,5,6,Install more payment counters; Extend operating hours; Reduce plastic usage
STU1236,Other,BBA,28,2,3,5,4,4,4,8,
STU1237,Other,BS Computer Science,24,1,4,3,1,5,4,5,Improve wifi connectivity
STU1238,Other,BS Software Engineering,26,4,3,5,4,4,5,9,Reduce plastic usage; Improve hygiene standards; Improve wifi connectivity
STU1239,Male,BS Software Engineering,24,2,4,3,3,5,5,7,
STU1240,Female,BS Ai,24,5,5,2,2,4,5,8,Install more payment counters; Reduce waiting time during peak hours; Add entertainment like TV or music
STU1241,Male,BS Ai,20,5,2,1,1,3,2,5,
STU1242,Female,BS Psychology,22,5,4,3,2,2,4,7,Add vegetarian/vegan options; Reduce plastic usage; Reduce waiting time during peak hours
STU1243,Male,BS Data Science,18,3,4,3,2,4,4,7,
STU1244,Male,BS Ai,21,1,5,1,1,4,4,4,
STU1245,Female,BS Data Science,27,5,3,2,3,4,4,7,Improve hygiene standards; Improve ventilation
STU1246,Other,BBA,23,3,4,5,5,3,3,8,Improve wifi connectivity; Extend operating hours; Offer combo meals
STU1247,Male,BS English,25,5,5,3,3,3,4,8,
STU1248,Male,BS Data Science,26,5,5,2,3,3,4,8,
STU1249,Male,BS Psychology,30,5,4,2,1,3,2,6,Add more variety in menu
STU1250,Other,BS Software Engineering,28,2,4,2,2,2,4,5,Add entertainment like TV or music
STU1251,Male,BS Data Science,26,3,4,2,1,4,3,5,
STU1252,Other,BS Psychology,27,5,5,2,3,2,3,7,
STU1253,Male,BS Software Engineering,30,3,4,1,4,1,1,4,
STU1254,Male,BS English,22,2,1,3,3,3,4,6,
STU1255,Other,BBA,21,3,5,2,1,4,4,7,Add vegetarian/vegan options
STU1256,Female,BBA,18,5,4,4,2,3,4,8,Reduce waiting time during peak hours
STU1257,Male,BS Ai,25,4,4,4,3,2,4,6,
STU1258,Male,BBA,30,3,3,2,2,3,5,7,
STU1259,Male,BS Ai,24,1,4,3,4,3,3,7,
STU1260,Other,BS Data Science,27,4,3,2,4,5,2,6,Install more payment counters; Improve cleaning frequency; Reduce plastic usage
STU1261,Female,BS Ai,29,5,4,4,3,5,5,9,
STU1262,Other,BS Psychology,24,2,2,2,2,3,3,5,Add more beverage options; Improve hygiene standards
STU1263,Female,BBA,28,3,4,3,2,3,5,6,Add more healthy options; Add more beverage options; Add more variety in menu
STU1264,Female,BS Software Engineering,30,5,5,3,1,4,5,8,Add entertainment like TV or music; Add more healthy options; Improve ventilation
STU1265,Male,BS Ai,19,4,1,2,2,1,4,5,
STU1266,Other,BS Computer Science,21,4,5,1,2,3,5,6,
STU1267,Other,BS Ai,29,4,4,3,3,3,2,7,
STU1268,Other,BS Psychology,18,3,5,3,3,5,3,6,
STU1269,Male,BS Psychology,19,2,4,2,1,1,4,4,
STU1270,Other,BS Computer Science,30,4,4,3,2,3,3,6,Improve cleaning frequency; Reduce plastic usage; Improve food quality
STU1271,Other,BS Data Science,26,4,4,2,1,4,5,7,
STU1272,Male,BS Computer Science,27,5,5,3,1,3,2,6,
STU1273,Male,BS Data Science,30,5,4,1,4,1,4,7,
STU1274,Other,BS English,27,3,3,4,1,5,4,7,Improve hygiene standards; Reduce waiting time during peak hours; Add vegetarian/vegan options
STU1275,Male,BS Ai,26,3,4,2,2,3,4,6,
STU1276,Other,BS English,26,4,5,2,1,4,3,6,Add entertainment like TV or music
STU1277,Male,BS Ai,20,4,4,1,4,2,3,6,
STU1278,Other,BS Ai,25,4,4,1,3,3,5,6,Add more beverage options
STU1279,Male,BS Data Science,30,4,4,3,1,3,3,7,Add more beverage options; Improve wifi connectivity
STU1280,Female,BS Data Science,28,5,5,2,2,1,5,6,Install more payment counters
STU1281,Male,BS Ai,30,3,2,4,3,2,4,7,Add vegetarian/vegan options
STU1282,Other,BS Psychology,28,3,4,1,5,4,4,7,Add more variety in menu
STU1283,Male,BS Psychology,25,1,1,2,1,2,4,3,Reduce plastic usage; Improve food quality; Add more healthy options
STU1284,Other,BS Ai,22,3,3,2,4,2,3,6,
STU1285,Male,BS Ai,23,1,3,1,4,3,4,5,Create a mobile app for ordering
STU1286,Male,BS Data Science,26,3,3,1,4,4,5,7,Reduce plastic usage
STU1287,Other,BS Ai,20,3,4,2,3,1,4,6,Create a mobile app for ordering; Add more healthy options; Improve seating arrangement
STU1288,Other,BS Psychology,29,2,3,2,3,3,5,6,
STU1289,Female,BS Data Science,21,3,4,2,2,2,4,5,Add more healthy options
STU1290,Female,BS Psychology,24,1,3,3,3,1,2,5,
STU1291,Other,BS Data Science,25,1,3,3,2,1,3,4,
STU1292,Other,BS Software Engineering,21,4,3,1,3,4,5,7,
STU1293,Male,BS Computer Science,24,3,2,2,2,2,3,4,
STU1294,Female,BS Data Science,27,2,4,5,3,1,5,7,Create a mobile app for ordering; Add entertainment like TV or music
STU1295,Other,BS Ai,18,3,4,3,4,3,5,7,Create a mobile app for ordering; Add vegetarian/vegan options
STU1296,Male,BS Software Engineering,30,4,4,3,1,4,3,7,
STU1297,Male,BBA,25,2,4,2,4,2,2,6,Improve food quality; Add more healthy options; Reduce waiting time during peak hours
STU1298,Female,BS Software Engineering,,4,3,3,2,3,4,6,Improve ventilation
STU1299,Female,BS Computer Science,30,1,5,3,4,1,3,6,Install more payment counters
STU1300,Female,BBA,24,1,4,3,2,3,4,5,Improve wifi connectivity; Add more healthy options
STU1301,Male,BS Computer Science,29,3,4,5,2,3,4,8,
STU1302,Other,BS English,27,3,1,1,4,3,4,6,Add entertainment like TV or music; Improve food quality
STU1303,Male,BS Ai,25,4,3,1,2,3,4,6,Improve hygiene standards; Improve seating arrangement; Add entertainment like TV or music
STU1304,Female,BS Psychology,24,4,3,3,4,3,3,7,Install more payment counters; Improve seating arrangement; Improve wifi connectivity
STU1305,Male,BS English,24,5,3,4,2,2,4,6,Improve ventilation; Improve food quality; Reduce plastic usage
STU1306,Female,BS Computer Science,28,3,4,1,2,3,3,5,Lower prices for students
STU1307,Male,BS Ai,29,3,4,2,2,1,3,5,
STU1308,Female,BS Data Science,25,4,4,1,3,4,4,7,Reduce plastic usage; Improve wifi connectivity
STU1309,Male,BS Software Engineering,27,2,4,2,2,5,5,6,Extend operating hours; Improve ventilation
STU1310,Other,BS Computer Science,24,3,5,3,1,5,3,7,
STU1311,Male,BBA,28,1,4,3,2,5,4,6,Improve seating arrangement; Add more variety in menu; Offer combo meals
STU1312,Female,BBA,,1,5,2,1,4,4,5,
STU1313,Female,BS Ai,20,5,1,2,5,4,3,7,Lower prices for students
STU1314,Other,BS Software Engineering,20,4,3,1,5,2,3,6,
STU1315,Female,BS Data Science,24,4,1,2,2,4,5,6,Reduce plastic usage
STU1316,Other,BS Ai,25,3,4,3,3,3,4,7,Add more healthy options; Install more payment counters; Improve wifi connectivity
STU1317,Other,BS Software Engineering,30,2,5,5,2,3,4,6,
STU1318,Male,BS English,22,2,3,4,3,4,4,7,
STU1319,Male,BS English,24,2,5,1,4,2,1,4,Improve ventilation; Improve seating arrangement
STU1320,Female,BS Ai,19,3,2,4,4,3,4,6,Lower prices for students
STU1321,Female,BS Ai,29,4,5,3,2,5,4,7,
STU1322,Male,BS Data Science,23,4,3,3,3,1,4,6,
STU1323,Female,BS Software Engineering,19,2,2,2,2,3,3,4,
STU1324,Female,BS Ai,28,5,4,2,5,5,2,8,Improve wifi connectivity; Install more payment counters
STU1325,Female,BS Ai,,4,3,2,1,4,3,6,Offer combo meals
STU1326,Other,BS English,,3,3,1,3,3,5,6,Create a mobile app for ordering; Add more variety in menu
STU1327,Other,BBA,18,4,3,2,3,2,4,5,
STU1328,Female,BBA,21,3,5,2,3,3,4,7,
STU1329,Other,BS Psychology,28,2,4,2,1,5,2,5,
STU1330,Female,BS Software Engineering,21,3,3,3,4,3,1,6,Train staff to be more polite; Improve ventilation
STU1331,Male,BS Data Science,22,4,4,2,1,3,4,6,
STU1332,Other,BBA,20,1,4,1,3,1,4,5,Offer student discounts; Improve wifi connectivity
STU1333,Female,BBA,29,2,3,5,1,1,4,6,
STU1334,Female,BS Computer Science,30,1,4,4,2,5,3,7,
STU1335,Female,BS Ai,22,1,2,3,2,3,4,5,Improve wifi connectivity
STU1336,Male,BS English,18,5,3,5,2,4,3,8,
STU1337,Male,BBA,27,4,4,3,1,1,3,5,
STU1338,Female,BS Computer Science,24,3,3,5,1,4,4,7,Extend operating hours; Train staff to be more polite; Add more healthy options
STU1339,Other,BS Computer Science,29,1,4,1,2,5,3,6,Add more beverage options
STU1340,Female,BS Software Engineering,27,3,4,2,3,3,3,6,Offer combo meals; Add entertainment like TV or music; Extend operating hours
STU1341,Male,BS Software Engineering,28,3,2,2,4,2,4,6,Train staff to be more polite; Reduce plastic usage; Offer combo meals
STU1342,Male,BS Ai,29,2,4,1,1,3,4,6,Improve ventilation
STU1343,Other,BS Ai,28,3,3,1,2,4,5,6,
STU1344,Female,BS Psychology,19,3,5,3,1,3,4,6,Install more payment counters; Improve seating arrangement; Offer student discounts
STU1345,Other,BS English,27,4,4,3,1,5,2,6,Add entertainment like TV or music
STU1346,Male,BS Ai,23,4,5,3,3,4,3,8,
STU1347,Female,BS Software Engineering,28,1,4,1,3,5,5,6,
STU1348,Female,BS Software Engineering,26,3,1,4,1,4,4,5,
STU1349,Other,BS Ai,18,4,4,3,1,2,4,6,Add more variety in menu; Add more beverage options; Improve seating arrangement
STU1350,Other,BS English,25,3,5,2,1,3,1,4,Offer combo meals
STU1351,Other,BS English,23,5,4,3,4,2,4,7,Improve seating arrangement; Improve cleaning frequency; Improve ventilation
STU1352,Male,BS English,25,4,5,2,5,5,1,8,
STU1353,Male,BS English,24,2,5,2,1,4,4,6,Add more healthy options
STU1354,Male,BS Ai,26,1,3,4,1,4,5,5,
STU1355,Female,BS Psychology,22,4,3,2,4,3,5,7,
STU1356,Female,BS Ai,26,1,4,2,4,2,4,6,Improve ventilation; Add entertainment like TV or music; Improve cleaning frequency
STU1357,Other,BS Computer Science,25,3,4,4,2,4,4,6,Reduce waiting time during peak hours
STU1358,Other,BBA,29,5,5,3,1,3,5,8,Lower prices for students; Add more beverage options
STU1359,Male,BS Data Science,23,3,5,1,1,2,4,6,Train staff to be more polite; Offer combo meals
STU1360,Other,BS English,19,3,3,1,3,4,2,6,Add entertainment like TV or music
STU1361,Male,BS Software Engineering,25,4,3,1,2,1,4,6,Offer combo meals; Add more healthy options
STU1362,Male,BS Ai,25,3,4,3,1,3,3,7,Improve hygiene standards; Add more beverage options
STU1363,Female,BS Data Science,28,3,3,2,3,3,4,6,Improve cleaning frequency; Improve wifi connectivity
STU1364,Male,BS Computer Science,18,5,5,1,1,2,4,6,Add more beverage options
STU1365,Female,BS Ai,23,3,4,5,3,5,4,8,Add more variety in menu; Improve hygiene standards
STU1366,Male,BS Psychology,21,5,4,3,2,2,3,6,
STU1367,Other,BS Data Science,22,5,2,2,1,2,3,6,Improve seating arrangement
STU1368,Female,BS Data Science,27,2,4,3,3,2,4,5,
STU1369,Male,BBA,22,1,4,3,2,4,5,6,
STU1370,Male,BBA,26,2,4,1,5,3,4,7,Improve hygiene standards
STU1371,Female,BS English,19,1,3,2,2,3,3,5,Lower prices for students; Improve cleaning frequency
STU1372,Other,BS Ai,24,1,4,4,2,1,5,5,Extend operating hours; Offer combo meals
STU1373,Female,BS Software Engineering,30,4,5,2,3,1,5,7,
STU1374,Female,BS English,25,1,3,3,2,3,3,5,Improve hygiene standards
STU1375,Other,BS Data Science,25,3,2,2,4,4,1,6,
STU1376,Other,BS English,18,4,1,1,2,5,4,6,Improve seating arrangement
STU1377,Other,BS Ai,21,1,4,1,2,1,5,5,Offer combo meals
STU1378,Female,BS Data Science,21,4,4,2,1,3,5,8,
STU1379,Other,BS Computer Science,27,2,4,2,2,5,5,7,
STU1380,Female,BS Computer Science,26,2,3,1,4,3,4,6,Add entertainment like TV or music; Offer combo meals; Improve food quality
STU1381,Female,BS Software Engineering,24,4,3,4,4,4,4,8,Install more payment counters; Add more healthy options; Extend operating hours
STU1382,Female,BS Psychology,26,4,4,5,1,2,1,5,Improve cleaning frequency; Add more variety in menu
STU1383,Other,BS Data Science,29,5,4,3,1,5,3,8,
STU1384,Other,BS Computer Science,22,4,5,4,4,4,4,8,Offer combo meals
STU1385,Female,BS Computer Science,19,4,2,2,4,5,4,7,Improve wifi connectivity
STU1386,Female,BS Ai,23,2,4,5,1,4,4,6,Add more variety in menu; Add vegetarian/vegan options
STU1387,Other,BS Computer Science,26,2,4,1,2,3,4,6,Offer combo meals; Add more healthy options; Improve hygiene standards
STU1388,Female,BS Psychology,29,4,4,5,2,5,3,8,
STU1389,Male,BBA,21,4,4,5,4,2,4,7,
STU1390,Female,BS English,22,5,4,3,1,3,2,6,
STU1391,Male,BS English,30,3,5,5,1,4,4,7,Create a mobile app for ordering; Improve seating arrangement; Lower prices for students
STU1392,Male,BS Computer Science,22,3,2,3,3,4,4,6,
STU1393,Female,BS Computer Science,21,4,2,2,1,5,4,6,Reduce waiting time during peak hours; Reduce plastic usage; Add more beverage options
STU1394,Female,BS Psychology,23,3,4,2,2,2,5,7,Improve cleaning frequency
STU1395,Female,BS Ai,18,5,4,3,2,4,3,7,Reduce plastic usage; Improve food quality; Create a mobile app for ordering
STU1396,Male,BBA,20,5,3,1,2,4,4,6,Reduce waiting time during peak hours; Add more beverage options
STU1397,Other,BS Computer Science,18,3,2,3,2,1,3,4,Add entertainment like TV or music; Improve ventilation
STU1398,Male,BS Computer Science,29,4,2,5,2,3,4,6,Offer combo meals; Lower prices for students; Create a mobile app for ordering
STU1399,Male,BBA,28,4,5,1,1,2,5,7,
STU1400,Male,BBA,25,2,3,3,3,3,4,7,Add more healthy options
STU1401,Other,BS Data Science,18,5,3,4,4,5,5,9,
STU1402,Male,BS Ai,25,3,3,4,3,4,3,7,Train staff to be more polite; Extend operating hours
STU1403,Male,BBA,23,4,3,5,1,4,5,7,
STU1404,Female,BS Psychology,18,3,2,3,1,5,2,5,Offer combo meals
STU1405,Other,BS Psychology,25,5,4,5,2,3,5,8,Improve food quality; Add entertainment like TV or music; Extend operating hours
STU1406,Male,BS Software Engineering,19,3,2,3,2,4,3,6,Create a mobile app for ordering; Improve ventilation
STU1407,Male,BS Computer Science,19,1,5,1,2,3,3,4,
STU1408,Female,BS English,28,5,3,2,3,5,4,7,Train staff to be more polite; Improve wifi connectivity; Reduce plastic usage
STU1409,Other,BS English,20,1,4,3,1,2,5,5,Improve wifi connectivity; Train staff to be more polite
STU1410,Other,BS Computer Science,22,3,5,2,1,5,1,6,Extend operating hours; Create a mobile app for ordering
STU1411,Female,BS Software Engineering,21,5,4,3,2,2,3,6,Improve cleaning frequency; Add more variety in menu; Improve ventilation
STU1412,Male,BS Psychology,30,5,4,3,3,3,5,8,Train staff to be more polite; Install more payment counters
STU1413,Female,BS Psychology,27,3,3,1,1,4,3,5,Add entertainment like TV or music; Improve seating arrangement; Lower prices for students
STU1414,Other,BS Ai,21,4,3,3,3,3,3,6,Add more variety in menu; Lower prices for students
STU1415,Other,BS Psychology,24,3,4,3,2,4,4,7,
STU1416,Male,BS Computer Science,25,2,5,2,4,3,3,6,Reduce plastic usage; Reduce waiting time during peak hours
STU1417,Male,BS English,27,3,4,1,4,4,5,7,
STU1418,Other,BS Computer Science,22,4,4,1,2,2,4,6,Add more healthy options
STU1419,Other,BBA,18,4,4,2,1,1,4,5,Improve wifi connectivity; Create a mobile app for ordering
STU1420,Female,BS Ai,29,4,4,4,2,2,5,7,
STU1421,Female,BS Ai,30,4,2,2,1,3,4,5,
STU1422,Male,BS Computer Science,21,1,4,3,3,2,2,4,
STU1423,Female,BS English,19,3,5,2,4,3,3,7,Add entertainment like TV or music; Improve wifi connectivity; Add more beverage options
STU1424,Other,BS Ai,20,1,3,2,3,3,4,5,
STU1425,Female,BS Software Engineering,20,3,4,4,4,1,3,7,Add more variety in menu
STU1426,Female,BBA,,3,3,3,2,3,5,8,Improve food quality; Extend operating hours
STU1427,Other,BS Data Science,27,5,4,1,1,5,4,6,Install more payment counters; Extend operating hours; Reduce waiting time during peak hours
STU1428,Female,BS Data Science,18,3,2,2,3,2,3,5,Add more beverage options; Improve hygiene standards; Add more variety in menu
STU1429,Other,BS Psychology,29,2,4,1,2,3,4,5,Improve hygiene standards; Improve food quality
STU1430,Female,BBA,25,2,4,2,3,4,4,7,Train staff to be more polite
STU1431,Other,BS English,21,4,3,3,2,3,5,6,Add entertainment like TV or music; Improve wifi connectivity
STU1432,Other,BS Computer Science,30,4,4,1,1,4,5,7,Improve food quality; Add more healthy options; Offer combo meals
STU1433,Male,BS Computer Science,27,2,4,2,5,3,4,6,Reduce plastic usage; Offer combo meals; Improve ventilation
STU1434,Male,BS Computer Science,21,1,5,2,1,3,4,5,
STU1435,Female,BS Software Engineering,26,4,3,4,5,1,4,6,Improve wifi connectivity
STU1436,Male,BS Psychology,20,1,3,5,5,4,4,8,Add entertainment like TV or music; Offer combo meals
STU1437,Female,BS Psychology,20,4,3,1,3,4,2,5,
STU1438,Female,BBA,20,4,5,3,3,1,2,6,
STU1439,Female,BS Software Engineering,27,1,5,2,3,3,4,6,Add more healthy options; Add more beverage options; Install more payment counters
STU1440,Female,BS Data Science,27,1,4,2,4,5,3,6,
STU1441,Female,BS Psychology,25,5,5,3,2,3,1,6,
STU1442,Female,BS Psychology,29,3,4,4,2,3,4,6,Reduce plastic usage; Offer combo meals
STU1443,Male,BBA,24,3,4,5,3,5,1,7,
STU1444,Male,BS Psychology,26,4,2,3,2,4,4,7,Offer combo meals; Improve cleaning frequency
STU1445,Male,BBA,25,5,4,2,2,3,4,6,Offer student discounts; Improve wifi connectivity
STU1446,Other,BS Ai,18,5,2,3,2,4,5,8,Improve cleaning frequency
STU1447,Other,BS Computer Science,29,4,5,2,3,5,4,8,
STU1448,Female,BS Software Engineering,22,3,4,3,4,3,2,6,
STU1449,Other,BS Data Science,,1,4,2,1,3,4,4,Improve hygiene standards
STU1450,Male,BS Data Science,28,4,1,3,4,3,5,7,Improve ventilation; Add more beverage options
STU1451,Female,BS Ai,27,3,3,2,3,5,5,7,Train staff to be more polite; Improve hygiene standards; Install more payment counters
STU1452,Female,BS Psychology,18,3,3,1,4,4,4,7,
STU1453,Male,BS Psychology,28,5,3,4,3,1,3,6,Add more healthy options; Reduce plastic usage
STU1454,Female,BBA,27,2,2,1,3,5,5,6,Add vegetarian/vegan options; Improve ventilation
STU1455,Other,BS Software Engineering,,3,5,3,1,3,3,5,
STU1456,Female,BS Ai,25,1,4,2,4,1,4,6,Extend operating hours
STU1457,Female,BS Ai,25,3,3,1,1,3,4,5,Improve hygiene standards
STU1458,Male,BBA,20,1,3,1,4,3,1,4,Extend operating hours; Improve hygiene standards
STU1459,Other,BS Computer Science,24,2,4,1,5,5,3,7,
STU1460,Other,BS English,25,2,4,4,2,2,3,5,
STU1461,Female,BS Psychology,25,4,4,2,1,4,4,6,Lower prices for students
STU1462,Other,BS Data Science,23,4,5,5,3,3,5,8,
STU1463,Other,BS Computer Science,19,3,4,3,2,1,3,6,
STU1464,Other,BS Data Science,23,5,5,2,4,5,5,9,Improve wifi connectivity; Improve food quality
STU1465,Other,BS Ai,25,3,5,3,1,3,2,6,Reduce waiting time during peak hours; Improve cleaning frequency; Improve ventilation
STU1466,Other,BBA,24,2,3,3,1,2,4,5,Offer combo meals; Train staff to be more polite
STU1467,Female,BBA,26,5,5,3,5,3,2,7,Train staff to be more polite; Add entertainment like TV or music; Improve hygiene standards
STU1468,Female,BS Computer Science,,2,2,2,3,5,5,6,Reduce waiting time during peak hours
STU1469,Other,BS Psychology,22,5,5,2,4,3,4,8,Improve cleaning frequency; Reduce plastic usage
STU1470,Male,BBA,30,1,3,4,2,2,4,6,
STU1471,Other,BS Data Science,26,5,5,4,3,2,5,8,
STU1472,Male,BS Data Science,18,1,5,4,3,2,4,6,Offer student discounts
STU1473,Female,BS Ai,26,5,5,2,3,4,5,8,Add more beverage options; Offer student discounts; Add vegetarian/vegan options
STU1474,Female,BS Computer Science,18,3,4,3,3,3,4,7,Extend operating hours
STU1475,Female,BS Data Science,23,5,3,2,3,2,5,7,
STU1476,Other,BS English,25,1,2,2,2,2,4,4,
STU1477,Female,BBA,30,3,4,2,2,3,2,5,
STU1478,Other,BS Psychology,22,5,3,3,3,5,4,8,Reduce plastic usage
STU1479,Other,BS Computer Science,22,3,4,1,1,3,2,4,
STU1480,Female,BS Data Science,29,4,3,2,3,5,4,7,
STU1481,Female,BS English,18,4,5,4,1,3,4,7,Improve ventilation; Add more variety in menu
STU1482,Female,BBA,27,3,4,2,3,2,4,5,Create a mobile app for ordering
STU1483,Male,BS Software Engineering,29,4,5,1,3,5,1,6,Improve ventilation; Add entertainment like TV or music
STU1484,Male,BS Ai,26,3,2,1,1,3,3,5,
STU1485,Other,BS Computer Science,,5,5,4,1,4,4,7,
STU1486,Male,BS Psychology,21,1,5,3,1,5,5,7,
STU1487,Male,BS Psychology,19,2,4,2,3,1,3,5,Lower prices for students
STU1488,Female,BS Computer Science,19,5,4,4,4,1,4,7,Reduce plastic usage
STU1489,Female,BS Computer Science,20,5,4,4,1,4,4,8,Extend operating hours; Improve seating arrangement
STU1490,Other,BS Computer Science,29,3,3,2,3,2,4,5,Improve seating arrangement; Improve cleaning frequency; Improve food quality
STU1491,Other,BS Psychology,29,4,4,3,2,2,3,6,
STU1492,Male,BS Ai,25,2,3,3,2,1,4,5,Add more beverage options; Reduce plastic usage; Add vegetarian/vegan options
STU1493,Other,BS Psychology,21,2,2,3,4,1,3,4,Train staff to be more polite; Reduce plastic usage
STU1494,Female,BS Software Engineering,20,3,3,1,2,4,5,6,Add entertainment like TV or music
STU1495,Female,BBA,27,3,2,4,2,2,2,5,
STU1496,Male,BBA,20,3,1,3,1,3,3,5,
STU1497,Female,BBA,22,1,2,2,1,4,1,3,
STU1498,Female,BS Computer Science,24,5,5,2,2,3,3,7,
STU1499,Female,BS Ai,30,5,4,1,1,1,4,6,Offer student discounts
STU1500,Female,BS Ai,18,4,5,1,3,4,3,7,Improve ventilation; Improve wifi connectivity
STU1501,Female,BS Computer Science,22,3,4,3,2,1,2,5,Improve ventilation; Improve food quality
STU1502,Male,BS Psychology,27,3,3,1,2,4,4,5,Improve wifi connectivity; Extend operating hours
STU1503,Other,BS Computer Science,25,4,4,2,1,5,1,7,Reduce plastic usage; Add more variety in menu; Install more payment counters
STU1504,Male,BS Software Engineering,25,4,4,3,2,3,2,6,
STU1505,Male,BS Computer Science,23,2,2,1,3,3,5,5,Offer student discounts; Add more healthy options
STU1506,Male,BS English,30,5,4,5,5,3,4,9,
STU1507,Other,BS Psychology,25,4,3,2,1,3,5,7,
STU1508,Female,BS Computer Science,21,5,4,2,4,5,5,8,Add more variety in menu
STU1509,Other,BS Software Engineering,21,4,4,2,3,5,4,8,Create a mobile app for ordering; Offer combo meals
STU1510,Male,BS Data Science,21,4,3,2,3,3,2,6,Add more healthy options
STU1511,Other,BBA,24,3,2,1,2,4,4,5,
STU1512,Male,BS Psychology,,5,4,3,1,5,5,7,
STU1513,Female,BS Psychology,29,5,4,5,1,5,4,8,
STU1514,Male,BS Software Engineering,24,1,2,2,3,3,4,4,
STU1515,Female,BS Ai,28,1,5,3,2,3,3,6,
STU1516,Male,BS Ai,28,3,2,3,4,2,5,6,Offer student discounts; Improve ventilation
STU1517,Male,BBA,25,4,4,4,2,5,4,7,Offer student discounts; Create a mobile app for ordering; Add more variety in menu
STU1518,Other,BS English,20,5,5,2,1,2,5,7,
STU1519,Female,BS Data Science,27,2,3,2,3,3,3,5,
STU1520,Male,BS Software Engineering,19,3,2,2,2,2,3,4,Train staff to be more polite; Add more healthy options; Extend operating hours
STU1521,Female,BS Computer Science,25,3,2,3,2,2,3,4,
STU1522,Other,BS English,25,5,3,4,3,3,4,8,
STU1523,Female,BS Ai,,4,2,1,4,5,3,7,
STU1524,Other,BS English,28,4,4,2,3,1,2,5,Reduce waiting time during peak hours; Improve food quality; Add entertainment like TV or music
STU1525,Other,BS Data Science,19,3,2,4,3,3,5,7,Lower prices for students
STU1526,Female,BS Data Science,22,3,4,4,3,1,1,5,
STU1527,Female,BS Data Science,29,2,5,5,4,2,5,8,
STU1528,Male,BS English,19,1,5,3,2,3,3,6,Install more payment counters; Improve hygiene standards
STU1529,Other,BS Software Engineering,28,5,4,2,1,3,5,6,
STU1530,Female,BS English,24,4,3,3,2,2,4,6,
STU1531,Other,BS Software Engineering,28,5,4,3,1,3,5,7,Add more beverage options
STU1532,Male,BS English,30,5,4,1,3,1,5,6,Reduce waiting time during peak hours
STU1533,Female,BS Data Science,26,3,4,3,3,3,1,5,Improve cleaning frequency; Offer student discounts
STU1534,Female,BBA,,4,2,3,3,5,2,6,Train staff to be more polite; Reduce plastic usage; Offer student discounts
STU1535,Other,BS Computer Science,28,5,5,1,1,5,3,6,
STU1536,Female,BS Psychology,22,4,4,3,3,3,4,7,Add more variety in menu; Offer combo meals; Offer student discounts
STU1537,Female,BS English,29,2,3,3,2,3,5,5,Offer combo meals; Create a mobile app for ordering; Add more beverage options
STU1538,Other,BS Psychology,19,3,3,5,3,5,4,8,Install more payment counters; Improve ventilation; Improve cleaning frequency
STU1539,Male,BS Psychology,29,2,4,1,3,1,4,6,Offer student discounts
STU1540,Female,BS Psychology,25,5,5,2,2,4,3,8,
STU1541,Male,BS Ai,22,4,4,3,1,5,5,7,Install more payment counters
STU1542,Other,BS English,18,2,4,2,1,1,5,5,
STU1543,Other,BS Ai,18,4,1,3,4,2,3,7,Improve ventilation
STU1544,Male,BBA,23,4,4,3,4,5,4,8,
STU1545,Female,BS Psychology,21,3,4,1,3,3,2,5,Improve cleaning frequency; Improve wifi connectivity; Install more payment counters
STU1546,Female,BS English,27,2,1,3,1,1,4,3,
STU1547,Other,BS Computer Science,20,4,3,3,2,2,4,6,Improve wifi connectivity; Improve hygiene standards
STU1548,Other,BS English,19,3,4,2,3,3,2,6,Improve ventilation; Extend operating hours; Create a mobile app for ordering
STU1549,Female,BS English,24,4,2,4,3,4,4,7,Add entertainment like TV or music; Improve hygiene standards
STU1550,Male,BS Computer Science,21,3,4,4,1,4,3,6,
STU1551,Other,BS English,27,5,3,3,1,5,4,7,Add entertainment like TV or music; Improve hygiene standards
STU1552,Female,BS Computer Science,25,3,1,3,3,2,4,5,
STU1553,Female,BS English,25,3,3,2,2,3,1,3,Add more beverage options
STU1554,Female,BS Ai,18,5,5,4,2,3,4,8,Train staff to be more polite; Install more payment counters; Reduce plastic usage
STU1555,Male,BS Software Engineering,25,3,5,3,1,3,4,7,Extend operating hours; Add more healthy options
STU1556,Female,BS Software Engineering,28,2,5,3,2,2,3,5,
STU1557,Other,BS Psychology,19,1,4,4,4,5,2,7,
STU1558,Male,BS Software Engineering,23,4,2,2,5,5,4,7,Offer student discounts; Train staff to be more polite; Improve cleaning frequency
STU1559,Other,BS English,22,4,4,4,3,3,5,8,
STU1560,Male,BS Computer Science,24,4,4,1,2,4,3,6,
STU1561,Female,BS English,25,2,5,2,1,2,3,5,
STU1562,Female,BS Software Engineering,21,2,2,2,2,3,3,5,Lower prices for students
STU1563,Male,BS Computer Science,25,1,4,5,2,4,4,7,
STU1564,Female,BS Psychology,24,3,3,4,3,3,3,6,
STU1565,Other,BS Ai,27,3,3,3,2,5,3,7,Improve hygiene standards
STU1566,Female,BS Psychology,29,3,4,3,1,4,4,7,
STU1567,Male,BS Data Science,28,3,4,3,1,3,4,6,
STU1568,Other,BS Computer Science,18,5,3,4,2,4,3,6,
STU1569,Other,BS Software Engineering,28,3,3,2,1,2,4,6,Improve ventilation; Offer student discounts
STU1570,Male,BS English,18,3,4,2,1,3,4,5,Add vegetarian/vegan options
STU1571,Other,BS English,29,4,4,1,5,3,1,6,
STU1572,Other,BS Data Science,22,3,5,3,2,3,2,7,Reduce waiting time during peak hours
STU1573,Male,BS Computer Science,21,4,5,3,2,4,5,8,
STU1574,Other,BS Software Engineering,23,5,4,2,4,3,2,6,
STU1575,Female,BS Psychology,21,5,3,1,5,4,4,6,Extend operating hours
STU1576,Female,BBA,28,2,4,4,3,3,5,8,Add entertainment like TV or music; Improve food quality
STU1577,Male,BS Data Science,30,5,4,1,4,3,3,6,
STU1578,Other,BS Psychology,20,3,3,3,2,4,3,5,Add entertainment like TV or music
STU1579,Other,BS Ai,28,2,5,5,2,2,4,7,Improve hygiene standards; Reduce waiting time during peak hours
STU1580,Female,BS English,22,3,1,2,2,2,5,6,
STU1581,Female,BS Data Science,18,5,5,2,3,3,5,8,Add more beverage options
STU1582,Male,BS Data Science,29,3,4,3,3,2,4,6,Improve cleaning frequency
STU1583,Female,BBA,22,3,4,4,2,1,2,5,
STU1584,Male,BS Psychology,24,4,4,3,1,4,4,6,Add more variety in menu; Reduce waiting time during peak hours
STU1585,Other,BBA,20,2,5,5,3,3,4,7,Add more beverage options; Lower prices for students; Train staff to be more polite
STU1586,Female,BS Data Science,23,1,4,1,1,3,4,5,Extend operating hours; Improve ventilation
STU1587,Other,BS Psychology,22,2,4,3,3,5,1,6,Extend operating hours; Lower prices for students; Improve hygiene standards
STU1588,Female,BS Software Engineering,22,2,2,3,3,3,3,6,Improve food quality; Add more variety in menu
STU1589,Female,BS Data Science,25,2,4,4,3,5,4,8,Lower prices for students; Add entertainment like TV or music; Improve hygiene standards
STU1590,Other,BBA,22,2,3,1,3,2,4,5,
STU1591,Other,BBA,23,4,4,4,4,3,3,8,
STU1592,Female,BBA,25,2,4,3,2,5,3,6,Improve wifi connectivity; Improve seating arrangement
STU1593,Male,BBA,20,3,4,2,3,3,5,6,
STU1594,Female,BBA,21,5,1,1,3,4,4,6,
STU1595,Female,BS English,29,3,2,4,1,3,3,5,
STU1596,Female,BS Data Science,24,4,4,1,1,1,2,5,
STU1597,Other,BS Ai,30,2,2,2,2,3,3,5,Reduce waiting time during peak hours; Improve wifi connectivity; Improve ventilation
STU1598,Other,BS Software Engineering,19,2,2,2,2,3,5,5,Reduce plastic usage; Lower prices for students; Improve seating arrangement
STU1599,Female,BS Software Engineering,18,1,1,4,3,5,4,6,Reduce plastic usage; Improve ventilation
STU1600,Other,BS Ai,19,2,5,3,4,2,4,7,Extend operating hours; Improve food quality
STU1601,Other,BS Psychology,28,2,4,3,1,5,4,6,Improve seating arrangement; Train staff to be more polite
STU1602,Male,BS English,22,2,3,2,1,5,3,6,Offer student discounts; Reduce plastic usage
STU1603,Male,BS Data Science,28,1,3,3,5,2,5,7,
STU1604,Other,BBA,19,2,3,3,1,3,4,5,Offer combo meals
STU1605,Other,BBA,25,3,4,4,2,5,2,6,
STU1606,Other,BS Software Engineering,,2,4,4,3,5,2,6,
STU1607,Male,BS Software Engineering,26,3,3,1,2,3,4,6,Improve wifi connectivity; Reduce plastic usage
STU1608,Other,BS Ai,27,3,3,3,1,3,5,7,
STU1609,Female,BS Computer Science,19,4,2,1,1,3,3,5,Install more payment counters; Train staff to be more polite
STU1610,Male,BS English,25,1,4,3,1,4,5,6,Improve food quality; Add more beverage options
STU1611,Other,BS Data Science,22,4,4,2,3,2,4,7,
STU1612,Other,BS Data Science,19,4,3,2,2,4,3,6,
STU1613,Female,BS Psychology,18,1,1,2,1,1,1,3,
STU1614,Female,BBA,25,5,2,3,3,1,2,5,Improve hygiene standards; Add vegetarian/vegan options; Add more healthy options
STU1615,Other,BS Data Science,21,5,5,2,4,3,4,8,Add entertainment like TV or music; Extend operating hours; Add more beverage options
STU1616,Other,BS Ai,20,1,3,3,1,3,3,4,Improve seating arrangement; Install more payment counters; Add vegetarian/vegan options
STU1617,Other,BS Data Science,23,2,4,2,2,3,3,5,Lower prices for students; Improve wifi connectivity
STU1618,Female,BS English,29,4,4,1,3,3,4,6,Reduce waiting time during peak hours
STU1619,Other,BS English,26,4,3,3,2,3,4,6,Add more variety in menu
STU1620,Other,BS Psychology,29,2,3,2,2,2,2,4,Lower prices for students
STU1621,Other,BBA,24,2,2,2,3,3,4,5,Reduce waiting time during peak hours
STU1622,Male,BS Psychology,25,3,4,3,4,5,4,8,Improve cleaning frequency; Add more beverage options
STU1623,Other,BS English,22,3,4,2,4,3,4,7,Train staff to be more polite; Reduce waiting time during peak hours; Improve ventilation
STU1624,Male,BBA,,4,4,1,3,3,5,6,
STU1625,Female,BS Ai,25,3,4,2,3,3,3,6,Extend operating hours
STU1626,Female,BS English,21,3,1,4,2,5,5,6,Offer student discounts
STU1627,Male,BS English,19,4,5,3,3,2,4,7,Improve ventilation
STU1628,Male,BS Ai,23,1,4,3,2,4,4,6,Improve ventilation; Reduce waiting time during peak hours
STU1629,Male,BS Computer Science,28,2,3,3,1,4,4,6,Add more beverage options; Reduce waiting time during peak hours
STU1630,Other,BS Ai,24,4,5,1,3,4,4,7,Add more healthy options; Extend operating hours
STU1631,Other,BS Psychology,19,5,4,2,3,1,2,6,Lower prices for students
STU1632,Female,BS Software Engineering,25,3,4,3,2,4,4,6,Add entertainment like TV or music; Extend operating hours; Offer combo meals
STU1633,Female,BS Ai,21,3,4,1,4,1,4,6,Offer combo meals
STU1634,Female,BS Software Engineering,27,2,5,2,1,3,4,6,Reduce plastic usage
STU1635,Female,BS Psychology,18,3,4,2,2,4,3,6,Lower prices for students; Offer combo meals
STU1636,Male,BS Computer Science,21,3,2,2,1,2,5,6,
STU1637,Other,BS English,30,2,3,5,3,4,4,7,Create a mobile app for ordering; Lower prices for students; Add more variety in menu
STU1638,Male,BS Ai,19,2,5,1,3,1,2,5,Add entertainment like TV or music; Add more beverage options; Add vegetarian/vegan options
STU1639,Female,BS English,26,3,3,3,2,4,4,6,Improve wifi connectivity; Offer student discounts; Improve ventilation
STU1640,Female,BS Computer Science,21,1,3,1,3,3,4,6,Add vegetarian/vegan options; Improve ventilation; Create a mobile app for ordering
STU1641,Female,BS English,21,3,4,5,2,2,4,7,Add vegetarian/vegan options; Improve hygiene standards
STU1642,Other,BS Software Engineering,20,2,4,1,3,2,4,5,Add entertainment like TV or music
STU1643,Male,BS Ai,27,3,4,2,2,5,5,8,Train staff to be more polite; Improve ventilation; Offer student discounts
STU1644,Female,BS Computer Science,,2,5,3,2,1,3,5,Improve food quality; Reduce waiting time during peak hours
STU1645,Other,BBA,20,5,3,3,4,2,4,6,Improve food quality; Add more beverage options; Improve seating arrangement
STU1646,Other,BS Data Science,26,3,2,2,2,3,5,5,Improve food quality; Install more payment counters
STU1647,Male,BS Ai,20,4,3,2,1,4,5,7,Add vegetarian/vegan options
STU1648,Female,BS Psychology,18,4,5,2,3,3,4,8,
STU1649,Male,BS Computer Science,23,3,4,2,5,2,5,7,Train staff to be more polite; Reduce plastic usage; Add more beverage options
STU1650,Male,BS Psychology,21,1,3,2,2,2,2,5,Improve seating arrangement; Lower prices for students; Reduce waiting time during peak hours
STU1651,Male,BS English,18,3,5,2,1,2,5,5,Improve seating arrangement
STU1652,Male,BS English,18,3,5,2,2,2,3,5,
STU1653,Male,BS Software Engineering,24,4,5,2,2,3,3,6,Improve hygiene standards
STU1654,Male,BS English,29,3,5,3,1,4,3,6,
STU1655,Female,BBA,25,2,3,5,3,2,4,6,
STU1656,Female,BS Psychology,26,2,4,3,5,3,3,7,Extend operating hours; Add more healthy options; Add vegetarian/vegan options
STU1657,Female,BS Data Science,25,3,4,1,2,3,3,5,Improve cleaning frequency
STU1658,Other,BS Computer Science,27,4,5,1,2,5,2,6,Offer combo meals; Lower prices for students; Install more payment counters
STU1659,Female,BS English,,3,4,5,2,5,3,7,
STU1660,Female,BS Computer Science,28,3,4,2,1,4,4,6,Add more healthy options; Reduce waiting time during peak hours
STU1661,Other,BBA,25,5,4,1,4,2,4,7,Improve ventilation; Create a mobile app for ordering
STU1662,Male,BS Computer Science,18,4,3,3,2,1,3,5,Improve hygiene standards
STU1663,Male,BS Data Science,25,2,4,3,2,3,4,6,Improve food quality; Add entertainment like TV or music; Reduce waiting time during peak hours
STU1664,Male,BS Ai,24,2,5,3,3,2,5,7,
STU1665,Female,BS Software Engineering,25,2,5,2,2,3,4,6,
STU1666,Male,BS Computer Science,25,2,1,1,3,4,3,4,Add vegetarian/vegan options
STU1667,Male,BS Data Science,19,2,3,5,1,5,4,7,Improve seating arrangement
STU1668,Female,BS Psychology,20,2,2,2,4,4,3,5,
STU1669,Female,BS Computer Science,22,2,4,3,4,3,2,6,Offer student discounts; Offer combo meals
STU1670,Other,BS Ai,27,2,5,3,3,4,3,8,Create a mobile app for ordering
STU1671,Other,BS Ai,23,5,3,3,5,3,5,7,
STU1672,Male,BS Computer Science,27,1,4,2,1,1,3,3,
STU1673,Other,BBA,25,3,5,2,2,4,2,6,
STU1674,Male,BS Psychology,24,3,4,3,3,1,2,4,
STU1675,Other,BS Computer Science,29,5,4,4,3,3,5,8,Reduce plastic usage
STU1676,Female,BS Data Science,28,2,4,4,2,3,4,7,
STU1677,Male,BS Computer Science,30,3,4,1,2,4,3,5,
STU1678,Male,BS Psychology,21,5,3,1,1,4,4,5,Improve seating arrangement; Improve wifi connectivity; Improve cleaning frequency
STU1679,Male,BS Data Science,21,5,4,4,2,3,4,7,Add entertainment like TV or music; Offer combo meals
STU1680,Female,BS Software Engineering,25,4,4,3,1,4,4,7,
STU1681,Other,BS Psychology,29,2,5,4,3,2,3,7,Add more beverage options; Improve hygiene standards; Offer combo meals
STU1682,Female,BS Psychology,24,2,4,2,1,3,5,5,
STU1683,Male,BS Psychology,22,4,4,3,1,4,3,7,Offer combo meals; Add more healthy options
STU1684,Female,BS Ai,20,5,3,3,3,4,4,8,
STU1685,Female,BS Data Science,25,3,4,3,3,5,1,7,Improve ventilation; Extend operating hours
STU1686,Other,BS Psychology,19,3,1,2,4,2,3,5,
STU1687,Other,BS Psychology,19,2,3,1,3,4,3,4,Install more payment counters
STU1688,Male,BS Software Engineering,23,4,4,3,2,4,4,7,
STU1689,Female,BS Ai,26,2,5,2,4,5,2,6,
STU1690,Other,BS English,26,3,2,2,2,2,4,5,Improve wifi connectivity; Improve seating arrangement
STU1691,Male,BS Psychology,28,3,4,5,1,4,3,7,Extend operating hours
STU1692,Male,BS Data Science,23,3,5,2,3,3,4,7,Add more healthy options
STU1693,Male,BS Data Science,30,2,3,4,4,2,5,7,
STU1694,Other,BS Computer Science,29,2,4,1,2,3,4,5,
STU1695,Other,BS Psychology,22,4,4,3,2,3,4,7,Install more payment counters
STU1696,Other,BS Software Engineering,23,2,4,5,1,3,4,7,
STU1697,Male,BS Data Science,26,3,3,1,1,5,3,5,Install more payment counters
STU1698,Other,BBA,28,2,3,1,2,3,5,6,Add vegetarian/vegan options
STU1699,Other,BS Ai,19,3,4,2,3,4,3,6,
STU1700,Other,BS Software Engineering,26,3,4,1,1,3,4,6,Reduce plastic usage
STU1701,Other,BS Software Engineering,30,1,1,3,4,1,4,4,Reduce plastic usage; Improve cleaning frequency
STU1702,Female,BS Ai,21,3,4,4,3,2,3,6,Improve food quality
STU1703,Female,BS Computer Science,26,2,1,2,3,3,3,5,
STU1704,Male,BS Ai,27,1,4,2,4,3,4,6,Reduce waiting time during peak hours; Train staff to be more polite; Add more variety in menu
STU1705,Male,BS Psychology,28,5,3,2,1,2,5,7,
STU1706,Other,BS English,27,3,5,3,2,3,5,7,
STU1707,Male,BS Data Science,29,4,3,1,3,3,4,5,Reduce waiting time during peak hours; Offer student discounts
STU1708,Female,BS Ai,20,2,3,3,4,2,4,6,Add more healthy options
STU1709,Female,BS Psychology,30,4,2,3,3,3,5,7,
STU1710,Other,BS Psychology,23,4,3,3,2,2,2,4,
STU1711,Other,BBA,20,3,5,2,4,5,3,7,Improve ventilation; Lower prices for students; Improve food quality
STU1712,Female,BS English,27,3,5,3,1,5,4,6,
STU1713,Other,BS Psychology,19,3,3,1,4,4,5,6,Improve hygiene standards; Add entertainment like TV or music
STU1714,Other,BS Data Science,28,3,4,1,5,2,5,6,Lower prices for students; Add vegetarian/vegan options; Improve cleaning frequency
STU1715,Male,BS English,19,5,4,4,1,4,4,8,Add more healthy options; Add more variety in menu; Extend operating hours
STU1716,Female,BS Ai,21,4,5,3,3,4,2,7,Reduce plastic usage; Improve food quality
STU1717,Male,BS Data Science,25,5,4,1,1,4,4,6,
STU1718,Male,BBA,23,2,3,2,2,2,3,5,Add vegetarian/vegan options; Improve cleaning frequency
STU1719,Male,BS English,23,4,4,2,2,4,3,6,
STU1720,Male,BS Software Engineering,27,5,4,2,3,4,4,7,
STU1721,Male,BS English,18,2,1,2,4,3,2,4,
STU1722,Female,BS Data Science,30,1,4,1,3,4,5,6,
STU1723,Female,BS Ai,28,4,3,2,2,3,4,6,Add more beverage options
STU1724,Female,BS Psychology,25,3,4,3,4,3,4,7,
STU1725,Female,BBA,25,4,2,3,5,1,2,6,
STU1726,Other,BS English,24,2,4,3,1,4,3,6,
STU1727,Male,BBA,30,4,4,1,5,1,2,6,
STU1728,Female,BS Data Science,23,2,4,5,1,3,5,6,Reduce plastic usage
STU1729,Other,BS Data Science,22,2,2,4,4,2,5,6,Improve seating arrangement
STU1730,Female,BS Data Science,27,2,4,4,2,3,4,7,
STU1731,Other,BS Psychology,28,4,4,4,1,2,3,6,
STU1732,Male,BS Software Engineering,21,4,4,4,2,4,5,7,
STU1733,Female,BBA,27,3,4,3,3,4,3,7,Improve wifi connectivity; Improve hygiene standards; Create a mobile app for ordering
STU1734,Other,BS Software Engineering,21,3,4,2,2,2,3,6,
STU1735,Female,BS Software Engineering,21,5,5,3,1,2,4,6,
STU1736,Female,BBA,30,3,3,3,3,2,5,6,Add vegetarian/vegan options; Offer student discounts; Reduce plastic usage
STU1737,Other,BS Ai,23,4,5,3,4,5,1,8,
STU1738,Male,BS Data Science,25,3,4,3,2,3,3,6,Reduce plastic usage; Extend operating hours; Improve seating arrangement
STU1739,Female,BS Software Engineering,20,3,2,1,1,3,5,5,
STU1740,Male,BBA,26,3,2,2,2,2,3,4,Improve seating arrangement; Create a mobile app for ordering; Improve wifi connectivity
STU1741,Female,BS English,26,3,3,4,1,4,2,5,Add more variety in menu; Add vegetarian/vegan options; Add more healthy options
STU1742,Female,BS Computer Science,28,4,4,3,4,5,4,9,Lower prices for students; Add more variety in menu; Add vegetarian/vegan options
STU1743,Other,BS Software Engineering,19,3,4,3,4,4,5,8,Improve food quality
STU1744,Female,BS Data Science,29,2,4,2,3,4,4,6,Create a mobile app for ordering; Install more payment counters
STU1745,Female,BS Psychology,,5,4,2,2,1,5,7,Train staff to be more polite; Improve seating arrangement; Extend operating hours
STU1746,Male,BBA,,3,4,4,3,2,4,6,
STU1747,Other,BS Software Engineering,23,3,2,3,3,1,2,5,
STU1748,Other,BS Data Science,27,5,3,3,4,2,5,8,Improve wifi connectivity; Train staff to be more polite; Improve hygiene standards
STU1749,Male,BS Computer Science,28,4,4,2,3,2,4,6,Improve food quality
STU1750,Other,BS Data Science,19,2,2,3,3,2,3,5,
STU1751,Other,BBA,23,5,3,2,3,3,4,5,Improve seating arrangement; Add more beverage options
STU1752,Male,BS English,27,4,4,3,2,5,3,6,Improve ventilation; Add more variety in menu
STU1753,Other,BS Data Science,29,3,4,2,5,4,2,6,Improve cleaning frequency; Improve seating arrangement
STU1754,Other,BBA,19,2,5,2,2,4,1,5,
STU1755,Male,BS Software Engineering,19,4,5,3,3,4,4,8,
STU1756,Female,BS English,27,4,4,4,1,2,5,6,Train staff to be more polite
STU1757,Other,BBA,19,3,4,1,3,4,4,6,Extend operating hours
STU1758,Female,BBA,22,5,4,4,3,2,5,8,Add more variety in menu
STU1759,Female,BS English,21,4,4,2,1,4,3,6,Improve wifi connectivity; Improve cleaning frequency
STU1760,Other,BS Ai,20,2,2,2,1,3,3,3,Improve hygiene standards; Create a mobile app for ordering
STU1761,Other,BS Data Science,28,3,4,1,3,5,3,6,Improve wifi connectivity
STU1762,Female,BS Data Science,26,2,5,2,3,2,3,5,Add vegetarian/vegan options; Add entertainment like TV or music
STU1763,Other,BS Software Engineering,30,4,3,3,2,2,3,6,Offer combo meals; Reduce plastic usage; Add more beverage options
STU1764,Male,BS Software Engineering,29,1,4,1,1,5,4,6,Reduce waiting time during peak hours; Add more beverage options; Lower prices for students
STU1765,Other,BS Ai,28,3,4,2,3,1,5,6,Improve hygiene standards
STU1766,Male,BS Psychology,21,4,3,4,1,4,5,7,Reduce waiting time during peak hours; Reduce plastic usage
STU1767,Female,BS Psychology,22,5,3,1,2,4,3,6,
STU1768,Female,BS Software Engineering,27,3,3,3,1,4,5,5,Extend operating hours
STU1769,Male,BS English,30,4,1,2,1,5,3,6,
STU1770,Female,BS Psychology,20,2,1,3,1,5,2,5,
STU1771,Female,BS Ai,28,4,5,2,2,1,5,7,
STU1772,Female,BS Psychology,30,2,3,1,1,4,4,4,Add more variety in menu; Create a mobile app for ordering
STU1773,Male,BS English,27,3,4,1,2,4,3,5,
STU1774,Male,BS Data Science,27,4,3,1,2,4,4,5,Add more beverage options; Improve seating arrangement; Offer student discounts
STU1775,Female,BBA,27,2,5,1,2,2,3,4,Add more healthy options; Add more beverage options
STU1776,Male,BS Data Science,28,2,3,3,2,4,4,5,
STU1777,Male,BBA,25,4,4,4,4,5,4,9,Reduce plastic usage; Improve seating arrangement; Add entertainment like TV or music
STU1778,Female,BS English,25,4,5,4,1,5,5,8,Improve food quality; Add more variety in menu
STU1779,Other,BS Psychology,30,4,5,3,2,3,2,6,Extend operating hours; Offer student discounts; Add more healthy options
STU1780,Female,BS English,18,4,3,1,1,1,3,4,
STU1781,Other,BS Data Science,19,3,5,2,1,3,4,5,Add more variety in menu; Lower prices for students; Add more healthy options
STU1782,Female,BS English,25,2,4,2,3,4,4,6,
STU1783,Male,BS Data Science,,3,4,2,3,4,3,7,Add more healthy options; Add more beverage options
STU1784,Female,BS English,22,2,2,3,4,3,4,5,Add more beverage options; Add more variety in menu; Add entertainment like TV or music
STU1785,Male,BS Computer Science,19,5,2,3,3,1,5,7,Add more variety in menu
STU1786,Female,BS Software Engineering,26,3,4,2,5,3,5,7,Improve seating arrangement; Add more variety in menu; Improve wifi connectivity
STU1787,Female,BS Data Science,27,3,4,2,1,3,5,6,
STU1788,Other,BBA,30,3,4,4,1,5,5,8,Install more payment counters; Improve wifi connectivity
STU1789,Female,BS Psychology,18,5,4,3,1,4,4,7,Install more payment counters; Add more variety in menu
STU1790,Female,BS Psychology,30,2,4,2,1,3,5,6,
STU1791,Other,BS Computer Science,21,3,3,4,2,3,3,6,
STU1792,Female,BS Data Science,25,3,4,5,3,1,3,6,
STU1793,Male,BS Software Engineering,18,4,2,2,1,5,3,4,Improve food quality; Offer student discounts
STU1794,Male,BS Ai,30,1,4,2,4,3,4,5,Reduce plastic usage; Improve food quality
STU1795,Other,BS Psychology,23,5,4,3,4,3,3,8,Improve hygiene standards; Extend operating hours
STU1796,Female,BS Computer Science,19,5,5,4,2,3,5,9,Offer student discounts; Create a mobile app for ordering
STU1797,Other,BS Ai,20,3,2,4,1,4,3,5,Improve wifi connectivity; Improve food quality; Improve hygiene standards
STU1798,Male,BS Software Engineering,,4,2,1,1,4,2,5,Improve wifi connectivity; Reduce plastic usage
STU1799,Female,BBA,25,5,3,2,1,4,4,6,Reduce waiting time during peak hours
STU1800,Female,BS Psychology,27,4,3,3,1,2,2,5,
STU1801,Other,BS English,23,2,3,3,2,3,2,4,
STU1802,Other,BS English,24,3,5,1,1,2,3,5,
STU1803,Other,BS Data Science,23,4,3,4,2,4,4,7,
STU1804,Other,BS Ai,18,3,3,3,5,1,4,7,
STU1805,Female,BS Computer Science,28,4,4,4,3,3,4,9,Install more payment counters; Add vegetarian/vegan options; Add more healthy options
STU1806,Female,BS Psychology,23,5,4,4,4,5,4,9,
STU1807,Other,BS Software Engineering,28,5,4,3,1,5,4,7,Add more variety in menu
STU1808,Male,BS Ai,22,3,2,2,2,3,3,5,Improve wifi connectivity; Offer combo meals; Reduce plastic usage
STU1809,Male,BS Software Engineering,28,2,4,3,3,3,3,7,
STU1810,Other,BBA,27,5,1,1,1,1,4,4,Improve ventilation; Reduce waiting time during peak hours; Add more healthy options
STU1811,Other,BS Psychology,23,4,2,3,1,4,2,5,Improve ventilation; Add entertainment like TV or music
STU1812,Male,BS Software Engineering,28,2,5,1,3,4,1,6,Reduce plastic usage; Add more healthy options
STU1813,Other,BS Ai,23,5,2,3,3,2,4,7,
STU1814,Female,BS Software Engineering,28,5,4,2,2,3,4,6,
STU1815,Other,BS Psychology,24,3,4,1,2,4,2,6,Add vegetarian/vegan options; Add more beverage options
STU1816,Male,BS English,29,3,3,1,2,5,3,6,Extend operating hours
STU1817,Male,BS Psychology,22,3,5,1,1,2,5,6,Offer combo meals
STU1818,Female,BS English,28,1,1,3,2,3,5,5,Add more beverage options; Add more healthy options; Improve cleaning frequency
STU1819,Male,BS Data Science,20,3,4,3,1,2,4,5,Install more payment counters; Create a mobile app for ordering; Add vegetarian/vegan options
STU1820,Other,BS Data Science,29,4,5,3,1,2,4,7,
STU1821,Female,BS Ai,26,1,4,1,5,5,4,6,Improve ventilation; Improve seating arrangement; Improve cleaning frequency
STU1822,Female,BS English,28,3,5,1,3,4,5,7,Improve cleaning frequency; Improve wifi connectivity; Add more variety in menu
STU1823,Other,BS Ai,23,3,2,1,3,4,5,5,Install more payment counters
STU1824,Male,BS Psychology,,3,4,1,2,1,3,5,Lower prices for students
STU1825,Male,BBA,21,5,3,4,2,4,5,8,
STU1826,Male,BS Computer Science,30,3,4,2,1,3,3,6,Extend operating hours
STU1827,Male,BS Software Engineering,21,3,5,2,1,3,3,6,Create a mobile app for ordering; Reduce waiting time during peak hours
STU1828,Other,BS Data Science,20,4,3,1,1,3,4,5,
STU1829,Other,BS Data Science,30,3,4,2,3,1,4,6,Extend operating hours; Improve food quality; Improve wifi connectivity
STU1830,Other,BS English,30,2,3,3,3,4,5,7,Add more healthy options; Install more payment counters
STU1831,Male,BBA,29,3,4,3,2,3,2,6,
STU1832,Other,BS Psychology,18,2,4,2,2,2,4,5,Lower prices for students
STU1833,Other,BBA,30,2,5,1,4,2,5,6,Add entertainment like TV or music; Offer combo meals
STU1834,Female,BS Ai,27,3,4,2,1,2,5,6,Add more variety in menu
STU1835,Female,BS Computer Science,20,3,3,2,2,1,3,4,
STU1836,Female,BS English,29,5,2,2,2,3,3,7,Improve cleaning frequency; Improve wifi connectivity; Reduce waiting time during peak hours
STU1837,Female,BBA,30,3,3,5,3,4,4,7,Improve seating arrangement; Offer student discounts
STU1838,Other,BS Ai,29,3,3,3,5,1,3,5,Add vegetarian/vegan options; Offer student discounts; Create a mobile app for ordering
STU1839,Male,BS Computer Science,24,4,3,3,1,1,5,6,Add more beverage options
STU1840,Female,BS Software Engineering,29,1,5,2,4,3,5,6,
STU1841,Male,BS Psychology,25,4,4,2,4,4,3,7,Reduce plastic usage; Improve wifi connectivity
STU1842,Other,BS Ai,30,2,4,3,1,3,2,5,
STU1843,Other,BS Psychology,25,5,2,3,2,3,2,6,Improve ventilation; Add more healthy options
STU1844,Female,BBA,21,2,5,3,2,3,5,7,Improve food quality; Add vegetarian/vegan options
STU1845,Female,BS Data Science,30,3,4,1,5,2,3,6,Reduce plastic usage; Add more variety in menu; Add entertainment like TV or music
STU1846,Male,BS Software Engineering,21,1,2,3,1,1,4,4,
STU1847,Male,BS Computer Science,27,5,4,2,3,4,4,7,
STU1848,Female,BS Psychology,25,3,4,4,2,4,4,7,Add vegetarian/vegan options; Reduce waiting time during peak hours
STU1849,Female,BS Psychology,30,3,2,3,3,3,2,5,
STU1850,Male,BS Data Science,26,1,4,3,2,4,3,6,
STU1851,Female,BBA,20,4,4,1,3,4,5,7,Offer student discounts; Install more payment counters
STU1852,Female,BS Data Science,30,2,3,3,4,2,5,7,
STU1853,Other,BS English,22,5,5,1,4,3,4,8,
STU1854,Male,BS Computer Science,25,2,5,2,4,2,1,5,
STU1855,Male,BS Data Science,26,2,4,1,1,2,3,5,Add more healthy options
STU1856,Male,BS Ai,29,1,4,3,3,4,4,6,Improve cleaning frequency
STU1857,Other,BS Software Engineering,19,3,4,2,1,5,3,6,Extend operating hours
STU1858,Other,BS Computer Science,30,3,4,2,2,5,5,7,
STU1859,Other,BS Psychology,25,1,4,4,2,4,4,6,Install more payment counters; Add vegetarian/vegan options; Improve seating arrangement
STU1860,Other,BBA,20,4,2,2,2,2,2,5,Add more beverage options
STU1861,Male,BS English,19,3,4,3,2,2,5,5,Extend operating hours
STU1862,Male,BS Software Engineering,21,3,5,2,5,4,5,7,Add entertainment like TV or music; Add more beverage options
STU1863,Female,BS Psychology,23,3,4,1,1,3,2,5,
STU1864,Male,BS Psychology,24,3,2,3,3,4,4,6,
STU1865,Female,BS Ai,26,3,4,1,2,4,3,5,
STU1866,Other,BBA,24,2,3,2,1,4,3,4,Add vegetarian/vegan options
STU1867,Male,BS Computer Science,23,2,3,3,1,4,3,5,Lower prices for students
STU1868,Male,BBA,23,5,3,3,4,1,4,7,Install more payment counters; Improve food quality; Improve wifi connectivity
STU1869,Female,BS Computer Science,29,5,3,3,4,4,5,8,Add vegetarian/vegan options
STU1870,Other,BBA,30,3,4,2,4,5,4,7,
STU1871,Female,BS Ai,18,2,4,1,5,2,2,6,
STU1872,Other,BS Computer Science,25,4,3,3,1,4,4,7,Lower prices for students; Train staff to be more polite
STU1873,Female,BS English,20,3,5,3,2,3,3,6,
STU1874,Male,BBA,25,1,5,4,3,5,5,8,
STU1875,Male,BS Software Engineering,18,2,5,4,2,1,4,5,
STU1876,Female,BS Computer Science,18,4,3,4,2,3,3,6,Lower prices for students; Extend operating hours; Reduce plastic usage
STU1877,Male,BBA,20,4,4,2,2,2,3,6,
STU1878,Other,BBA,29,1,5,2,3,4,4,7,
STU1879,Male,BS Software Engineering,24,2,4,3,3,2,3,6,
STU1880,Male,BS English,22,2,1,2,1,2,4,4,Offer combo meals; Improve hygiene standards
STU1881,Other,BS Psychology,19,4,2,1,2,3,3,6,
STU1882,Other,BBA,,1,4,4,3,5,3,7,
STU1883,Female,BS Data Science,30,2,5,4,3,2,4,7,Offer student discounts; Reduce waiting time during peak hours; Improve seating arrangement
STU1884,Female,BS Computer Science,19,4,4,2,1,2,5,6,
STU1885,Other,BS Software Engineering,25,2,4,1,3,4,5,7,Lower prices for students
STU1886,Female,BS Computer Science,18,4,2,2,1,3,3,6,
STU1887,Male,BS Data Science,27,2,4,4,2,5,3,7,
STU1888,Male,BS Psychology,20,1,5,4,3,2,2,6,
STU1889,Other,BS English,18,2,3,2,3,4,4,7,Offer student discounts; Improve ventilation; Install more payment counters
STU1890,Male,BS Data Science,21,4,4,1,2,2,4,6,
STU1891,Male,BS Data Science,20,5,5,4,3,2,5,7,
STU1892,Female,BS Computer Science,19,4,3,2,3,4,5,8,Add more healthy options; Offer student discounts; Improve seating arrangement
STU1893,Female,BS Software Engineering,23,3,4,3,3,3,3,6,
STU1894,Other,BS English,26,4,3,5,3,4,4,8,Offer student discounts; Lower prices for students; Improve wifi connectivity
STU1895,Female,BS Psychology,30,2,4,1,3,3,5,7,
STU1896,Female,BS Computer Science,26,2,4,3,2,3,5,6,Improve cleaning frequency; Improve hygiene standards
STU1897,Male,BS Computer Science,,5,4,1,1,3,1,4,Improve wifi connectivity
STU1898,Female,BS English,18,1,4,2,2,5,3,6,
STU1899,Male,BS Ai,23,1,3,4,2,2,4,4,
STU1900,Other,BS English,18,2,5,2,3,2,3,6,
STU1901,Male,BS Psychology,19,1,4,5,2,3,3,6,Add vegetarian/vegan options; Offer student discounts
STU1902,Female,BS Data Science,29,2,3,3,2,3,1,5,Improve cleaning frequency
STU1903,Other,BS Ai,19,3,4,2,1,2,4,5,
STU1904,Other,BS Computer Science,29,3,4,2,2,5,3,7,Install more payment counters
STU1905,Male,BS Computer Science,20,5,3,2,2,2,2,5,Offer combo meals; Improve seating arrangement; Add more beverage options
STU1906,Female,BS Data Science,,4,5,2,3,5,3,8,
STU1907,Male,BS Psychology,28,3,5,1,1,2,5,6,Add vegetarian/vegan options
STU1908,Female,BS Data Science,30,2,3,2,3,4,5,6,Install more payment counters
STU1909,Male,BS Ai,29,3,5,2,4,5,4,8,Offer combo meals; Create a mobile app for ordering
STU1910,Male,BS Ai,20,3,2,3,1,2,4,5,
STU1911,Female,BS Computer Science,19,2,3,3,2,5,5,6,
STU1912,Female,BS English,25,4,3,3,1,3,3,6,
STU1913,Male,BS Computer Science,,3,5,1,3,5,3,6,Add vegetarian/vegan options
STU1914,Other,BS Data Science,30,3,4,2,3,4,3,5,
STU1915,Female,BBA,18,3,3,3,2,3,3,6,Create a mobile app for ordering; Offer combo meals
STU1916,Male,BS Ai,22,2,4,2,2,2,3,5,Improve hygiene standards; Add more variety in menu; Add more healthy options
STU1917,Female,BS English,26,5,4,1,4,3,5,7,Offer combo meals; Improve cleaning frequency; Lower prices for students
STU1918,Other,BS Ai,18,4,2,4,1,1,4,4,Add vegetarian/vegan options; Reduce plastic usage
STU1919,Other,BS Psychology,21,2,5,3,1,2,4,7,
STU1920,Other,BBA,30,5,5,3,4,2,5,7,Add entertainment like TV or music; Add more healthy options
STU1921,Female,BS English,,3,4,1,3,3,1,5,Improve wifi connectivity; Add entertainment like TV or music; Add vegetarian/vegan options
STU1922,Male,BS Software Engineering,22,5,5,3,4,4,3,8,Reduce waiting time during peak hours; Add more healthy options; Extend operating hours
STU1923,Male,BS Ai,23,4,4,3,3,2,4,7,Improve food quality; Improve seating arrangement; Offer combo meals
STU1924,Female,BS Ai,24,3,5,3,4,2,4,7,Add entertainment like TV or music; Offer combo meals
STU1925,Male,BS Ai,24,1,4,3,2,4,1,4,Add vegetarian/vegan options
STU1926,Female,BS Computer Science,20,2,4,4,3,2,4,6,
STU1927,Other,BS Data Science,25,3,3,3,4,1,4,6,Install more payment counters; Create a mobile app for ordering; Improve ventilation
STU1928,Female,BS Data Science,30,4,5,1,3,2,4,6,Improve food quality; Add more beverage options; Add entertainment like TV or music
STU1929,Other,BS English,30,2,4,3,1,5,4,6,Reduce waiting time during peak hours; Improve ventilation
STU1930,Male,BBA,24,2,3,3,2,4,3,6,Improve food quality
STU1931,Other,BS Software Engineering,27,4,1,3,1,3,2,5,Lower prices for students; Install more payment counters
STU1932,Female,BS English,20,5,4,1,1,4,4,6,Create a mobile app for ordering
STU1933,Other,BS Data Science,23,3,4,1,2,3,2,6,Add vegetarian/vegan options; Add entertainment like TV or music
STU1934,Female,BS Software Engineering,23,2,4,4,3,4,5,8,Reduce plastic usage; Extend operating hours
STU1935,Other,BS Computer Science,22,2,5,3,3,4,4,7,Improve seating arrangement; Extend operating hours
STU1936,Other,BS Data Science,29,1,2,4,2,4,3,6,Create a mobile app for ordering; Improve seating arrangement
STU1937,Female,BS Ai,29,5,4,3,3,2,4,8,
STU1938,Male,BBA,25,2,3,3,1,1,4,4,Improve seating arrangement
STU1939,Male,BS Computer Science,,3,5,3,1,3,3,6,
STU1940,Other,BS Computer Science,23,2,5,4,1,5,5,6,Improve cleaning frequency
STU1941,Male,BBA,24,3,4,3,2,3,5,7,Add more healthy options
STU1942,Male,BS Software Engineering,30,4,4,3,1,4,4,7,
STU1943,Female,BS Data Science,19,4,3,1,2,5,1,5,Improve wifi connectivity; Create a mobile app for ordering
STU1944,Male,BS Ai,24,2,4,2,2,2,4,5,Add more beverage options; Create a mobile app for ordering
STU1945,Female,BS Psychology,30,1,5,3,4,4,4,6,Add entertainment like TV or music; Improve ventilation
STU1946,Female,BS Computer Science,20,2,4,2,1,4,2,5,
STU1947,Other,BBA,20,5,3,2,3,5,3,8,Offer combo meals
STU1948,Other,BS Ai,28,5,4,2,3,5,5,8,Improve hygiene standards; Add more beverage options; Train staff to be more polite
STU1949,Other,BS Computer Science,18,3,5,2,3,4,1,6,Offer combo meals; Improve ventilation; Reduce waiting time during peak hours
STU1950,Other,BS Software Engineering,21,4,3,2,4,2,4,6,Improve cleaning frequency; Improve ventilation; Lower prices for students
STU1951,Other,BS Software Engineering,23,4,3,2,1,4,4,6,Add more healthy options; Improve seating arrangement; Add more beverage options
STU1952,Male,BS English,27,2,4,4,1,2,4,5,Offer student discounts; Add more beverage options
STU1953,Male,BBA,,5,5,3,4,4,1,7,
STU1954,Female,BS Data Science,25,3,2,1,2,5,5,6,Improve hygiene standards
STU1955,Other,BBA,23,3,3,1,3,3,3,5,Add more healthy options; Reduce plastic usage; Install more payment counters
STU1956,Other,BS English,19,3,2,3,3,4,4,7,Reduce plastic usage; Improve food quality
STU1957,Female,BS Computer Science,26,1,3,2,3,3,4,5,Improve cleaning frequency; Offer combo meals; Add vegetarian/vegan options
STU1958,Female,BS Computer Science,23,2,4,4,4,3,4,7,Install more payment counters; Add more variety in menu
STU1959,Female,BS Psychology,21,4,4,3,5,3,5,8,
STU1960,Other,BS Software Engineering,18,1,4,3,3,4,4,6,Install more payment counters; Offer combo meals; Train staff to be more polite
STU1961,Female,BS Data Science,25,4,4,2,2,5,3,8,
STU1962,Male,BS Software Engineering,26,2,3,3,4,5,5,7,Offer combo meals
STU1963,Other,BS Ai,30,3,5,2,1,2,4,5,
STU1964,Male,BS Computer Science,25,2,4,4,1,5,3,6,Improve wifi connectivity; Improve food quality; Install more payment counters
STU1965,Other,BS English,27,3,5,3,4,4,2,8,Add more beverage options
STU1966,Male,BS Data Science,25,4,4,2,2,2,5,7,
STU1967,Female,BS Ai,20,2,2,2,1,1,3,3,Improve seating arrangement; Train staff to be more polite
STU1968,Male,BBA,25,3,4,1,1,2,4,6,
STU1969,Other,BS Psychology,29,3,3,3,4,5,4,7,
STU1970,Female,BS Psychology,19,4,4,2,2,4,3,6,Add more variety in menu; Offer combo meals; Improve seating arrangement
STU1971,Female,BS English,23,5,2,3,3,4,4,7,Add more variety in menu; Train staff to be more polite
STU1972,Female,BS Software Engineering,29,4,3,2,1,2,2,4,Improve cleaning frequency
STU1973,Male,BS Psychology,26,2,5,3,3,4,4,7,
STU1974,Male,BS Software Engineering,22,1,3,4,3,1,4,5,Add vegetarian/vegan options
STU1975,Female,BS Computer Science,29,2,5,3,2,3,4,7,Improve wifi connectivity
STU1976,Other,BS Computer Science,29,3,3,3,2,4,4,6,Improve cleaning frequency
STU1977,Other,BS Psychology,30,1,4,1,1,2,5,5,Add entertainment like TV or music; Improve hygiene standards
STU1978,Female,BS Computer Science,21,3,4,1,5,4,4,7,Add more variety in menu; Extend operating hours; Improve ventilation
STU1979,Male,BS Computer Science,21,3,4,3,3,2,1,5,
STU1980,Female,BS Psychology,21,3,3,2,4,4,3,7,
STU1981,Male,BS Psychology,18,4,3,2,2,3,4,6,Add more variety in menu
STU1982,Female,BS Software Engineering,27,2,1,1,3,3,5,5,Install more payment counters; Improve cleaning frequency
STU1983,Male,BS Data Science,30,1,3,2,3,2,5,4,Improve hygiene standards; Add entertainment like TV or music; Offer combo meals
STU1984,Male,BS Psychology,20,4,4,1,3,1,5,6,Add more beverage options
STU1985,Female,BS Software Engineering,19,3,5,4,5,5,3,8,Install more payment counters
STU1986,Female,BS Computer Science,24,4,5,2,2,2,4,6,Add entertainment like TV or music; Add vegetarian/vegan options
STU1987,Other,BS Data Science,29,3,4,3,1,4,4,6,Reduce waiting time during peak hours; Lower prices for students; Reduce plastic usage
STU1988,Female,BS Software Engineering,24,2,4,1,3,5,3,6,Improve wifi connectivity; Train staff to be more polite
STU1989,Female,BBA,27,4,4,3,3,2,1,6,
STU1990,Female,BS Psychology,23,4,3,2,3,2,5,6,
STU1991,Female,BS Ai,25,4,5,4,1,4,3,7,
STU1992,Other,BS Software Engineering,26,2,4,4,2,5,3,7,Offer student discounts; Improve hygiene standards
STU1993,Female,BS Psychology,30,3,4,2,2,5,2,6,Extend operating hours; Add more beverage options; Add vegetarian/vegan options
STU1994,Other,BS Computer Science,27,3,2,4,2,3,5,7,Add vegetarian/vegan options
STU1995,Female,BS Ai,20,1,4,5,3,4,4,7,Improve food quality; Add more healthy options; Improve wifi connectivity
STU1996,Female,BBA,18,5,4,4,3,2,4,7,Lower prices for students; Offer student discounts; Improve ventilation
STU1997,Male,BS Software Engineering,26,2,5,4,1,5,5,7,
STU1998,Female,BS Ai,20,5,4,2,2,5,3,7,
STU1999,Other,BS Computer Science,29,3,3,3,2,2,4,5,
STU2000,Female,BS Data Science,26,2,5,1,1,2,1,4,
STU2001,Male,BS Computer Science,19,3,2,1,3,2,3,5,
STU2002,Other,BS Computer Science,28,5,4,5,4,2,5,9,Extend operating hours; Lower prices for students; Offer combo meals
STU2003,Other,BS Psychology,22,4,1,2,2,4,4,6,
STU2004,Other,BS Psychology,22,4,4,3,3,3,3,7,Offer combo meals; Add more variety in menu
STU2005,Female,BBA,19,4,5,4,4,1,3,7,Add more variety in menu; Train staff to be more polite; Install more payment counters
STU2006,Male,BS Computer Science,20,4,3,4,4,3,4,7,Offer student discounts
STU2007,Male,BS Psychology,27,4,5,5,1,5,1,7,Create a mobile app for ordering; Add vegetarian/vegan options
STU2008,Male,BS English,28,2,3,2,5,4,3,5,
STU2009,Male,BS Data Science,27,3,5,1,2,3,3,5,Reduce waiting time during peak hours; Add entertainment like TV or music
STU2010,Male,BS English,27,2,4,2,2,2,3,5,
STU2011,Male,BS Computer Science,,5,5,1,1,5,5,7,Train staff to be more polite; Add more variety in menu
STU2012,Male,BS Computer Science,19,5,1,1,2,4,3,5,Extend operating hours; Add entertainment like TV or music
STU2013,Female,BS Computer Science,,1,5,2,1,2,3,5,
STU2014,Female,BS Data Science,27,4,4,3,1,1,4,6,Reduce plastic usage
STU2015,Male,BS Ai,21,5,3,3,2,1,5,6,Improve wifi connectivity
STU2016,Other,BBA,24,2,5,2,4,2,3,6,Train staff to be more polite; Lower prices for students
STU2017,Female,BS English,18,3,3,3,4,3,2,7,
STU2018,Female,BS Ai,28,5,5,2,2,5,3,7,
STU2019,Male,BS English,28,1,2,1,4,3,4,5,Improve food quality; Improve cleaning frequency
STU2020,Female,BBA,25,4,4,3,4,4,4,8,
STU2021,Male,BS Data Science,30,2,4,3,3,3,5,7,Add entertainment like TV or music
STU2022,Female,BS Computer Science,22,5,2,3,1,4,5,6,
STU2023,Female,BS Psychology,29,5,3,1,3,4,4,6,Offer combo meals; Improve food quality
STU2024,Other,BS English,25,5,1,4,4,2,4,7,Improve cleaning frequency; Create a mobile app for ordering
STU2025,Other,BS English,25,3,4,3,3,3,4,6,Add more healthy options; Reduce plastic usage; Improve hygiene standards
STU2026,Female,BBA,27,5,3,3,2,4,1,6,
STU2027,Female,BS Psychology,29,4,4,3,2,1,5,6,Lower prices for students; Offer combo meals
STU2028,Female,BS Ai,23,3,3,4,3,3,3,7,Add vegetarian/vegan options; Install more payment counters
STU2029,Male,BS Data Science,20,4,3,3,2,3,3,6,Add more healthy options; Improve ventilation; Reduce plastic usage
STU2030,Other,BS Computer Science,26,1,4,3,1,5,4,7,Add more healthy options; Offer student discounts
STU2031,Male,BS Software Engineering,23,3,1,5,2,3,3,6,Extend operating hours; Add more variety in menu
STU2032,Male,BS Data Science,19,2,5,3,4,4,4,8,Extend operating hours; Install more payment counters
STU2033,Female,BBA,21,2,5,2,4,3,4,7,Improve ventilation
STU2034,Male,BS English,18,1,4,3,1,4,4,5,Offer student discounts; Extend operating hours; Improve seating arrangement
STU2035,Male,BS Psychology,24,4,4,2,5,3,5,8,
STU2036,Female,BS English,24,3,5,2,2,5,3,7,
STU2037,Male,BBA,20,4,3,3,3,3,4,7,Improve cleaning frequency
STU2038,Male,BS Data Science,27,1,2,4,3,4,4,7,
STU2039,Other,BS English,21,3,3,4,4,4,4,8,Install more payment counters; Improve cleaning frequency; Reduce plastic usage
STU2040,Other,BS Software Engineering,25,3,4,2,4,3,4,7,Improve food quality; Reduce waiting time during peak hours
STU2041,Female,BBA,25,4,1,3,2,2,3,6,
STU2042,Other,BS Data Science,22,3,4,2,4,1,4,6,
STU2043,Other,BS Psychology,19,4,5,5,1,1,3,5,Lower prices for students; Extend operating hours
STU2044,Other,BS Ai,26,5,5,5,3,5,5,9,Add more beverage options; Offer student discounts; Reduce plastic usage
STU2045,Male,BS Data Science,21,4,4,3,3,2,3,7,
STU2046,Other,BS Computer Science,23,2,2,4,3,2,4,5,Reduce waiting time during peak hours
STU2047,Male,BS Software Engineering,,1,5,3,2,4,1,5,Improve food quality; Improve cleaning frequency
STU2048,Other,BS Computer Science,27,5,4,3,4,3,3,7,Reduce waiting time during peak hours; Improve hygiene standards; Improve seating arrangement
STU2049,Other,BS English,28,1,2,1,1,3,4,5,
STU2050,Male,BS Data Science,22,5,2,2,1,2,5,7,Lower prices for students; Offer student discounts
STU2051,Female,BS Software Engineering,19,3,5,3,3,5,4,7,Add more healthy options; Lower prices for students; Offer combo meals
STU2052,Male,BS Software Engineering,22,5,4,3,2,5,5,8,Improve hygiene standards; Add more healthy options; Extend operating hours
STU2053,Male,BS Software Engineering,30,4,5,2,4,5,4,8,Add entertainment like TV or music; Add vegetarian/vegan options; Lower prices for students
STU2054,Female,BBA,18,5,5,4,2,3,4,8,Reduce plastic usage; Improve seating arrangement; Add vegetarian/vegan options
STU2055,Other,BBA,27,3,4,1,1,4,2,5,Reduce waiting time during peak hours
STU2056,Male,BS Data Science,23,4,4,3,4,2,5,8,Add more healthy options; Lower prices for students
STU2057,Female,BS Computer Science,19,3,4,3,2,1,3,5,
STU2058,Male,BS Computer Science,25,3,3,3,1,1,5,7,Improve ventilation
STU2059,Female,BS Data Science,22,4,4,3,3,3,5,7,Improve hygiene standards; Offer combo meals
STU2060,Other,BS Data Science,27,5,4,2,2,3,5,6,
STU2061,Other,BS English,19,5,4,1,3,3,4,6,
STU2062,Male,BS English,19,4,5,3,2,1,4,6,Add entertainment like TV or music; Add more variety in menu; Improve food quality
STU2063,Female,BS Ai,30,3,4,3,4,3,4,6,Improve food quality
STU2064,Female,BS Data Science,26,3,4,1,4,4,2,5,
STU2065,Other,BS Psychology,30,4,4,3,3,3,4,7,Offer combo meals; Install more payment counters; Create a mobile app for ordering
STU2066,Male,BS Ai,27,2,4,2,1,4,1,4,Improve seating arrangement; Extend operating hours
STU2067,Female,BS Computer Science,26,2,4,3,4,2,4,7,
STU2068,Male,BBA,,3,3,4,3,4,3,6,
STU2069,Male,BS Ai,,2,4,1,3,3,3,5,Add more variety in menu
STU2070,Male,BBA,30,2,2,1,2,2,3,4,Improve wifi connectivity
STU2071,Female,BS Software Engineering,25,2,3,3,4,2,4,6,
STU2072,Other,BS Data Science,26,1,4,3,3,4,4,6,Install more payment counters
STU2073,Other,BS English,27,1,4,3,1,4,2,5,
STU2074,Female,BS Software Engineering,24,5,5,4,2,3,4,7,
STU2075,Female,BBA,29,3,4,4,4,2,3,5,
STU2076,Other,BS Ai,27,3,4,5,1,5,4,8,
STU2077,Female,BS Data Science,26,4,4,3,5,4,4,8,Improve wifi connectivity
STU2078,Other,BS Ai,29,2,4,2,3,3,4,7,
STU2079,Other,BBA,25,5,2,2,3,3,4,6,Add more beverage options; Improve hygiene standards; Offer student discounts
STU2080,Male,BS Psychology,23,4,3,1,2,2,3,5,Extend operating hours; Train staff to be more polite; Reduce waiting time during peak hours
STU2081,Female,BS Ai,19,1,3,3,1,4,4,5,
STU2082,Male,BS Software Engineering,27,3,4,2,4,3,4,7,Improve cleaning frequency; Improve wifi connectivity; Add more variety in menu
STU2083,Other,BS Data Science,29,5,1,4,2,5,4,8,
STU2084,Other,BS Ai,28,5,2,3,3,3,4,6,Improve ventilation
STU2085,Female,BS Psychology,,3,3,3,2,3,1,5,
STU2086,Female,BS Psychology,28,4,5,2,1,3,4,7,Improve wifi connectivity; Offer student discounts
STU2087,Other,BS English,30,2,3,1,1,5,4,5,
STU2088,Other,BS Ai,21,5,4,1,2,4,3,7,Add more variety in menu; Improve wifi connectivity; Improve food quality
STU2089,Other,BS Data Science,27,2,3,2,5,3,2,5,Add more healthy options
STU2090,Male,BS Computer Science,26,5,4,1,2,4,2,6,Offer student discounts; Offer combo meals; Add vegetarian/vegan options
STU2091,Male,BS English,27,4,3,3,2,3,5,7,Add vegetarian/vegan options; Improve hygiene standards; Lower prices for students
STU2092,Male,BS Psychology,24,4,3,4,2,3,4,6,
STU2093,Other,BS Data Science,28,3,4,4,2,2,2,5,
STU2094,Female,BS Data Science,27,2,1,3,2,3,3,4,Add entertainment like TV or music
STU2095,Female,BS Data Science,19,2,1,2,4,2,4,5,Improve cleaning frequency
STU2096,Male,BS Data Science,25,2,3,4,2,5,5,7,Create a mobile app for ordering
STU2097,Other,BS English,20,2,1,4,2,3,1,4,
STU2098,Male,BBA,21,4,2,1,1,5,3,6,Add more variety in menu; Add entertainment like TV or music
STU2099,Other,BS Ai,30,3,3,3,5,3,5,7,
STU2100,Other,BS Computer Science,25,1,5,2,1,4,1,5,Improve ventilation
STU2101,Female,BS Data Science,29,5,4,4,1,3,3,7,Add vegetarian/vegan options
STU2102,Male,BS Ai,29,5,4,5,3,2,5,8,
STU2103,Female,BS Software Engineering,21,5,3,1,3,3,4,6,Train staff to be more polite
STU2104,Female,BS Data Science,28,5,5,4,2,1,3,7,
STU2105,Male,BS Ai,24,2,3,3,2,4,2,5,Create a mobile app for ordering; Add more variety in menu
STU2106,Male,BS English,20,3,2,5,3,3,1,6,Install more payment counters
STU2107,Female,BS Data Science,26,4,4,2,1,4,3,5,Improve wifi connectivity; Add more variety in menu; Reduce plastic usage
STU2108,Male,BBA,23,4,2,4,4,2,5,6,Create a mobile app for ordering
STU2109,Male,BS Psychology,29,2,3,1,3,2,4,5,Extend operating hours; Offer combo meals
STU2110,Male,BS Computer Science,30,4,4,2,2,3,4,6,Train staff to be more polite; Improve food quality
STU2111,Male,BS English,27,2,5,1,2,5,5,6,Improve hygiene standards; Improve wifi connectivity; Add vegetarian/vegan options
STU2112,Female,BS Data Science,21,2,4,5,2,4,4,7,Offer combo meals
STU2113,Female,BS Data Science,22,3,4,4,3,3,3,6,Improve food quality; Create a mobile app for ordering; Reduce waiting time during peak hours
STU2114,Female,BS Computer Science,22,3,5,4,2,3,4,7,
STU2115,Other,BS Data Science,29,3,2,4,2,1,5,6,Reduce waiting time during peak hours; Create a mobile app for ordering; Add more beverage options
STU2116,Other,BS Psychology,29,1,3,1,3,5,5,7,
STU2117,Male,BS Data Science,25,5,3,2,5,4,2,8,Lower prices for students; Offer student discounts; Improve cleaning frequency
STU2118,Male,BBA,30,2,4,1,2,2,4,5,
STU2119,Female,BS Ai,22,2,4,2,4,3,4,7,Create a mobile app for ordering
STU2120,Female,BS English,28,5,5,2,2,2,5,7,Improve ventilation
STU2121,Female,BS English,24,5,4,2,1,5,2,6,
STU2122,Other,BS Data Science,30,5,4,2,1,2,4,5,Improve food quality
STU2123,Female,BS Psychology,22,4,3,1,2,4,5,7,Add more variety in menu; Offer student discounts
STU2124,Other,BS Ai,,4,5,1,1,2,4,5,Offer combo meals; Improve food quality; Offer student discounts
STU2125,Other,BS English,19,3,5,1,1,4,4,6,Add entertainment like TV or music
STU2126,Male,BS Software Engineering,25,1,5,5,4,4,2,7,
STU2127,Female,BS Ai,29,3,1,3,4,4,3,6,Offer student discounts; Improve food quality; Add more healthy options
STU2128,Other,BS Psychology,21,3,4,5,3,4,3,7,
STU2129,Male,BS Ai,22,2,2,2,1,5,5,5,Reduce waiting time during peak hours; Install more payment counters; Create a mobile app for ordering
STU2130,Female,BS Computer Science,29,4,3,2,1,1,3,5,Improve wifi connectivity; Reduce plastic usage; Extend operating hours
STU2131,Other,BS Psychology,19,3,2,3,1,3,4,5,Improve wifi connectivity
STU2132,Male,BS Data Science,27,1,4,2,3,2,4,5,Reduce waiting time during peak hours; Add more beverage options; Improve ventilation
STU2133,Female,BS English,18,2,4,2,4,5,3,6,Add entertainment like TV or music
STU2134,Female,BS English,26,4,2,2,2,3,4,5,
STU2135,Female,BS English,21,1,3,1,1,4,4,5,Improve ventilation; Add more variety in menu
STU2136,Female,BS Ai,24,5,4,2,2,4,5,6,Add more healthy options; Reduce plastic usage; Extend operating hours
STU2137,Female,BS English,25,3,3,2,2,2,4,5,
STU2138,Other,BS Psychology,30,3,2,3,2,2,4,5,
STU2139,Other,BS Psychology,26,3,4,1,3,2,2,5,Improve cleaning frequency; Offer combo meals; Extend operating hours
STU2140,Female,BS Data Science,20,4,4,2,3,3,5,8,Add vegetarian/vegan options
STU2141,Male,BBA,25,3,2,4,1,2,2,6,
STU2142,Female,BS Computer Science,21,4,2,1,1,1,4,4,
STU2143,Female,BS Computer Science,22,3,3,2,5,5,3,7,Reduce waiting time during peak hours; Add more healthy options
STU2144,Other,BS Ai,28,2,5,4,1,5,5,8,
STU2145,Male,BS Data Science,30,5,4,1,1,3,4,6,Add more beverage options; Lower prices for students; Improve cleaning frequency
STU2146,Female,BS English,27,4,4,1,1,3,4,5,Reduce plastic usage; Install more payment counters; Offer student discounts
STU2147,Other,BS Psychology,29,4,3,2,1,1,3,5,Add more healthy options; Extend operating hours; Offer student discounts
STU2148,Female,BBA,18,5,4,2,2,4,4,7,
STU2149,Male,BS Psychology,20,5,1,3,4,4,4,7,
STU2150,Male,BS Software Engineering,20,4,4,4,2,2,4,7,
STU2151,Other,BS Data Science,18,4,5,1,2,2,2,5,Lower prices for students
STU2152,Female,BS Data Science,24,4,4,3,3,4,5,7,
STU2153,Female,BS Data Science,20,4,5,3,2,4,5,8,
STU2154,Other,BS Psychology,22,4,4,1,4,1,3,6,
STU2155,Male,BS Computer Science,18,4,2,3,4,4,5,7,
STU2156,Other,BS Data Science,27,2,5,2,1,3,4,6,
STU2157,Other,BS Psychology,23,5,2,2,3,3,4,5,Install more payment counters
STU2158,Other,BS Ai,28,5,4,1,2,4,3,6,Reduce plastic usage; Improve seating arrangement; Improve cleaning frequency
STU2159,Male,BS Ai,25,1,2,2,5,4,4,6,
STU2160,Female,BS Software Engineering,20,4,1,2,2,3,4,5,Improve food quality; Install more payment counters; Extend operating hours
STU2161,Other,BS Psychology,25,2,4,4,5,5,4,8,
STU2162,Other,BS Software Engineering,30,3,3,1,3,3,4,7,Add more beverage options
STU2163,Other,BS Computer Science,20,4,4,2,1,4,4,6,Offer combo meals; Add vegetarian/vegan options
STU2164,Other,BS Psychology,28,2,4,2,2,3,4,7,Improve cleaning frequency; Offer combo meals
STU2165,Male,BBA,20,4,1,3,5,5,2,7,Reduce plastic usage; Offer student discounts; Offer combo meals
STU2166,Female,BBA,,4,2,3,4,5,5,8,
STU2167,Female,BS English,22,3,4,3,1,1,4,6,
STU2168,Female,BS English,30,1,3,3,3,5,3,7,Train staff to be more polite
STU2169,Male,BS Computer Science,27,2,4,4,2,4,3,6,
STU2170,Female,BS Psychology,24,4,4,2,1,4,4,6,
STU2171,Female,BS English,26,5,5,3,2,2,5,7,
STU2172,Male,BS Software Engineering,24,4,4,4,1,4,3,7,Improve ventilation
STU2173,Male,BS Software Engineering,20,2,4,5,4,5,4,7,
STU2174,Other,BS Software Engineering,25,4,4,4,2,2,2,6,Add more variety in menu; Reduce plastic usage; Install more payment counters
STU2175,Female,BS Ai,21,3,3,2,4,5,4,8,
STU2176,Male,BS Data Science,,4,3,1,1,1,5,5,
STU2177,Other,BS Data Science,25,2,4,2,2,2,4,5,Improve seating arrangement; Add more variety in menu; Improve hygiene standards
STU2178,Female,BS Software Engineering,23,4,4,3,1,3,3,6,
STU2179,Female,BBA,29,3,4,2,1,3,4,6,Improve seating arrangement; Offer student discounts; Train staff to be more polite
STU2180,Other,BS Psychology,22,5,5,2,1,4,3,6,
STU2181,Male,BS English,29,3,5,4,1,1,4,7,
STU2182,Other,BS Psychology,28,4,5,2,3,5,4,9,Add vegetarian/vegan options; Improve ventilation; Improve seating arrangement
STU2183,Male,BS Computer Science,22,5,4,4,2,1,4,7,
STU2184,Male,BS Ai,28,2,3,2,2,2,3,5,Reduce plastic usage
STU2185,Other,BBA,29,5,4,2,2,1,5,7,
STU2186,Male,BBA,29,4,3,2,4,3,4,7,Improve cleaning frequency; Improve seating arrangement
STU2187,Other,BS Psychology,22,1,4,3,4,5,3,6,Improve seating arrangement; Improve food quality
STU2188,Female,BS Psychology,21,3,4,1,2,4,4,6,Add more beverage options; Add vegetarian/vegan options; Install more payment counters
STU2189,Female,BS Ai,20,4,4,1,2,4,4,6,Offer combo meals; Improve seating arrangement
STU2190,Male,BS Software Engineering,25,1,3,5,1,1,4,5,Offer student discounts; Add vegetarian/vegan options; Lower prices for students
STU2191,Female,BS Software Engineering,27,3,3,1,5,3,4,7,Improve seating arrangement
STU2192,Other,BS English,29,3,4,3,1,3,4,5,Install more payment counters
STU2193,Other,BBA,25,4,2,3,2,3,3,5,
STU2194,Other,BS Psychology,30,1,5,2,2,1,5,5,Offer student discounts
STU2195,Female,BBA,21,5,3,3,2,4,4,7,
STU2196,Female,BBA,28,5,3,2,1,3,2,6,
STU2197,Female,BBA,30,5,1,3,3,4,4,6,Offer combo meals
STU2198,Other,BS Data Science,25,4,4,2,1,3,5,6,Extend operating hours; Improve food quality
STU2199,Male,BS Psychology,23,2,4,3,3,2,5,6,
